        1  4.865000000000000e-01  5.215253205741789e-01 
        0  0.000000000000000e+00  
        1  0.000000000000000e+00  
        2  1.266433882728232e-01  
        3  0.000000000000000e+00  
        4  1.960612485627578e-01  
        5  0.000000000000000e+00  
        6  1.856647151514483e-01  
        7  0.000000000000000e+00  
        8  1.067913097016808e-01  
        9  0.000000000000000e+00  
       10 -1.675090503703262e-03  
       11  0.000000000000000e+00  
       12 -9.152796456168609e-02  
       13  0.000000000000000e+00  
       14 -1.267274077194307e-01  
       15  0.000000000000000e+00  
       16 -9.835584146959853e-02  
       17  0.000000000000000e+00  
       18 -2.657386227431852e-02  
       19  0.000000000000000e+00  
       20  5.067459488234519e-02  
       21  0.000000000000000e+00  
       22  9.634558179681275e-02  
       23  0.000000000000000e+00  
       24  9.135149975358060e-02  
       25  0.000000000000000e+00  
       26  4.216030887528652e-02  
       27  0.000000000000000e+00  
       28 -2.408353303025549e-02  
       29  0.000000000000000e+00  
       30 -7.391329689360430e-02  
       31  0.000000000000000e+00  
       32 -8.403069231397946e-02  
       33  0.000000000000000e+00  
       34 -5.194357654573670e-02  
       35  0.000000000000000e+00  
       36  4.043080752260978e-03  
       37  0.000000000000000e+00  
       38  5.492379432401945e-02  
       39  0.000000000000000e+00  
       40  7.577185575826859e-02  
       41  0.000000000000000e+00  
       42  5.777774809172872e-02  
       43  0.000000000000000e+00  
       44  1.179544591781178e-02  
       45  0.000000000000000e+00  
       46 -3.795169932276461e-02  
       47  0.000000000000000e+00  
       48 -6.647463404363610e-02  
       49  0.000000000000000e+00  
       50 -6.044966904984336e-02  
       51  0.000000000000000e+00  
       52 -2.434460832913046e-02  
       53  0.000000000000000e+00  
       54  2.253663274124795e-02  
       55  0.000000000000000e+00  
       56  5.626844402713319e-02  
       57  0.000000000000000e+00  
       58  6.042617530980057e-02  
       59  0.000000000000000e+00  
       60  3.401535087994705e-02  
       61  0.000000000000000e+00  
       62 -8.591369465823822e-03  
       63  0.000000000000000e+00  
       64 -4.539687861882157e-02  
       65  0.000000000000000e+00  
       66 -5.807153158201830e-02  
       67  0.000000000000000e+00  
       68 -4.102941344156589e-02  
       69  0.000000000000000e+00  
       70 -3.818129946667166e-03  
       71  0.000000000000000e+00  
       72  3.416233923930083e-02  
       73  0.000000000000000e+00  
       74  5.372471221202504e-02  
       75  0.000000000000000e+00  
       76  4.554625529231869e-02  
       77  0.000000000000000e+00  
       78  1.457164300945553e-02  
       79  0.000000000000000e+00  
       80 -2.289349438249590e-02  
       81  0.000000000000000e+00  
       82 -4.772795902747373e-02  
       83  0.000000000000000e+00  
       84 -4.772060035235130e-02  
       85  0.000000000000000e+00  
       86 -2.354564090030630e-02  
       87  0.000000000000000e+00  
       88  1.192266808204158e-02  
       89  0.000000000000000e+00  
       90  4.043492892556678e-02  
       91  0.000000000000000e+00  
       92  4.772926497063750e-02  
       93  0.000000000000000e+00  
       94  3.064191285716596e-02  
       95  0.000000000000000e+00  
       96 -1.568382530244655e-03  
       97  0.000000000000000e+00  
       98 -3.220912124611849e-02  
       99  0.000000000000000e+00  
      100 -4.578238201309281e-02  
      101  0.000000000000000e+00  
      102 -3.580412497739851e-02  
      103  0.000000000000000e+00  
      104 -7.878757324519672e-03  
      105  0.000000000000000e+00  
      106  2.341734691906041e-02  
      107  0.000000000000000e+00  
      108  4.212575913751873e-02  
      109  0.000000000000000e+00  
      110  3.902688402625873e-02  
      111  0.000000000000000e+00  
      112  1.616748837318238e-02  
      113  0.000000000000000e+00  
      114 -1.442071060039155e-02  
      115  0.000000000000000e+00  
      116 -3.703777157689105e-02  
      117  0.000000000000000e+00  
      118 -4.035956151304548e-02  
      119  0.000000000000000e+00  
      120 -2.309481071531509e-02  
      121  0.000000000000000e+00  
      122  5.564582094590330e-03  
      123  0.000000000000000e+00  
      124  3.082274054700926e-02  
      125  0.000000000000000e+00  
      126  3.990613521969450e-02  
      127  0.000000000000000e+00  
      128  2.851242478755391e-02  
      129  0.000000000000000e+00  
      130  2.831452721009204e-03  
      131  0.000000000000000e+00  
      132 -2.380207278655760e-02  
      133  0.000000000000000e+00  
      134 -3.782186447531618e-02  
      135  0.000000000000000e+00  
      136 -3.233066880397068e-02  
      137  0.000000000000000e+00  
      138 -1.048294391333295e-02  
      139  0.000000000000000e+00  
      140  1.630409797058413e-02  
      141  0.000000000000000e+00  
      142  3.430742347116954e-02  
      143  0.000000000000000e+00  
      144  3.451997041218372e-02  
      145  0.000000000000000e+00  
      146  1.714869451168804e-02  
      147  0.000000000000000e+00  
      148 -8.653353255337637e-03  
      149  0.000000000000000e+00  
      150 -2.960103826786694e-02  
      151  0.000000000000000e+00  
      152 -3.510988573709706e-02  
      153  0.000000000000000e+00  
      154 -2.263724291521859e-02  
      155  0.000000000000000e+00  
      156  1.159944089098026e-03  
      157  0.000000000000000e+00  
      158  2.396914404130368e-02  
      159  0.000000000000000e+00  
      160  3.418587012316987e-02  
      161  0.000000000000000e+00  
      162  2.681143071633968e-02  
      163  0.000000000000000e+00  
      164  5.890481901805375e-03  
      165  0.000000000000000e+00  
      166 -1.769606777471374e-02  
      167  0.000000000000000e+00  
      168 -3.188399724055287e-02  
      169  0.000000000000000e+00  
      170 -2.959088627195301e-02  
      171  0.000000000000000e+00  
      172 -1.224569450729723e-02  
      173  0.000000000000000e+00  
      174  1.107323163220890e-02  
      175  0.000000000000000e+00  
      176  2.838390992734268e-02  
      177  0.000000000000000e+00  
      178  3.095235836773167e-02  
      179  0.000000000000000e+00  
      180  1.769440350484080e-02  
      181  0.000000000000000e+00  
      182 -4.388355175243699e-03  
      183  0.000000000000000e+00  
      184 -2.390034253888260e-02  
      185  0.000000000000000e+00  
      186 -3.092793200364940e-02  
      187  0.000000000000000e+00  
      188 -2.207205935298943e-02  
      189  0.000000000000000e+00  
      190 -2.084893643718235e-03  
      191  0.000000000000000e+00  
      192  1.867359748553844e-02  
      193  0.000000000000000e+00  
      194  2.960124818735906e-02  
      195  0.000000000000000e+00  
      196  2.526473568208570e-02  
      197  0.000000000000000e+00  
      198  8.096389549463248e-03  
      199  0.000000000000000e+00  
      200  0.000000000000000e+00  
        2 -5.565506411483577e-01  1.541048855110490e+00 
        0  0.000000000000000e+00  
        1  0.000000000000000e+00  
        2  4.908620942425963e-03  
        3  9.967121167196039e-03  
        4  1.436272041120997e-02  
        5  1.816582342439403e-02  
        6  2.152793069180937e-02  
        7  2.453544461908557e-02  
        8  2.721773342568715e-02  
        9  2.957379977420449e-02  
       10  3.159052212837048e-02  
       11  3.325214876011047e-02  
       12  3.454464300328319e-02  
       13  3.545752432964051e-02  
       14  3.598460514269663e-02  
       15  3.612425950089412e-02  
       16  3.587948509044323e-02  
       17  3.525785754915323e-02  
       18  3.427141251334133e-02  
       19  3.293646801080415e-02  
       20  3.127339270176328e-02  
       21  2.930632381461083e-02  
       22  2.706283868316666e-02  
       23  2.457358429312415e-02  
       24  2.187186979463316e-02  
       25  1.899322742895494e-02  
       26  1.597494772586031e-02  
       27  1.285559515079804e-02  
       28  9.674510615925473e-03  
       29  6.471307416047532e-03  
       30  3.285367208675175e-03  
       31  1.553426267262865e-04  
       32 -2.881327006279038e-03  
       33 -5.788880593381897e-03  
       34 -8.533674836227703e-03  
       35 -1.108459285096671e-02  
       36 -1.341341665700723e-02  
       37 -1.549515887498554e-02  
       38 -1.730834953793134e-02  
       39 -1.883527453956725e-02  
       40 -2.006216290739965e-02  
       41 -2.097932078658297e-02  
       42 -2.158121074387959e-02  
       43 -2.186647573949475e-02  
       44 -2.183790785807374e-02  
       45 -2.150236262860660e-02  
       46 -2.087062048640386e-02  
       47 -1.995719762893583e-02  
       48 -1.878010918179673e-02  
       49 -1.736058821249617e-02  
       50 -1.572276469994902e-02  
       51 -1.389330907892227e-02  
       52 -1.190104542462921e-02  
       53 -9.776539717386385e-03  
       54 -7.551668926016841e-03  
       55 -5.259176867802600e-03  
       56 -2.932222939678281e-03  
       57 -6.039298685714623e-04  
       58  1.693063401956130e-03  
       59  3.927037685465525e-03  
       60  6.067612578448792e-03  
       61  8.086143002792456e-03  
       62  9.956088076283873e-03  
       63  1.165334753800844e-02  
       64  1.315656143354339e-02  
       65  1.444736929859943e-02  
       66  1.551062566155246e-02  
       67  1.633456930687438e-02  
       68  1.691094439404327e-02  
       69  1.723507220092733e-02  
       70  1.730587294748338e-02  
       71  1.712583784535159e-02  
       72  1.670095220203579e-02  
       73  1.604057107544700e-02  
       74  1.515724961654142e-02  
       75  1.406653084588228e-02  
       76  1.278669417599371e-02  
       77  1.133846850777532e-02  
       78  9.744714189160062e-03  
       79  8.030078521595181e-03  
       80  6.220629829679850e-03  
       81  4.343475367241579e-03  
       82  2.426368516137613e-03  
       83  4.973108400458509e-04  
       84 -1.415845416534293e-03  
       85 -3.285788843823139e-03  
       86 -5.086128983317760e-03  
       87 -6.791759833066149e-03  
       88 -8.379201801825092e-03  
       89 -9.826917511726097e-03  
       90 -1.111559725036775e-02  
       91 -1.222841033039280e-02  
       92 -1.315121912085566e-02  
       93 -1.387275306265606e-02  
       94 -1.438474056207744e-02  
       95 -1.468199726367063e-02  
       96 -1.476246982769772e-02  
       97 -1.462723496924848e-02  
       98 -1.428045414705160e-02  
       99 -1.372928491107813e-02  
      100 -1.298375052061964e-02  
      101 -1.205657002026798e-02  
      102 -1.096295150220669e-02  
      103 -9.720351782055790e-03  
      104 -8.348206165438247e-03  
      105 -6.867632377432480e-03  
      106 -5.301113061920655e-03  
      107 -3.672161528197208e-03  
      108 -2.004975624657912e-03  
      109 -3.240847515161494e-04  
      110  1.346004915134371e-03  
      111  2.981161927376518e-03  
      112  4.557972820438037e-03  
      113  6.054072294604917e-03  
      114  7.448455720668468e-03  
      115  8.721769649823170e-03  
      116  9.856576352612450e-03  
      117  1.083758880931554e-02  
      118  1.165187302010794e-02  
      119  1.228901499079092e-02  
      120  1.274125027170180e-02  
      121  1.300355447596887e-02  
      122  1.307369377061213e-02  
      123  1.295223491193801e-02  
      124  1.264251497695680e-02  
      125  1.215057151690133e-02  
      126  1.148503441921083e-02  
      127  1.065698130267957e-02  
      128  9.679758779324048e-03  
      129  8.568772388827247e-03  
      130  7.341248440664667e-03  
      131  6.015971379345140e-03  
      132  4.613000614479115e-03  
      133  3.153371025287256e-03  
      134  1.658781555206157e-03  
      135  1.512764538616118e-04  
      136 -1.347076200778836e-03  
      137 -2.814504058483826e-03  
      138 -4.229843547194314e-03  
      139 -5.572841956946439e-03  
      140 -6.824444282554256e-03  
      141 -7.967060796584435e-03  
      142 -8.984811626657150e-03  
      143 -9.863744965198118e-03  
      144 -1.059202594008016e-02  
      145 -1.116009361513047e-02  
      146 -1.156078406370056e-02  
      147 -1.178941795941264e-02  
      148 -1.184385164847637e-02  
      149 -1.172449120004332e-02  
      150 -1.143426946723605e-02  
      151 -1.097858672403701e-02  
      152 -1.036521596452871e-02  
      153 -9.604174453617982e-03  
      154 -8.707563595241725e-03  
      155 -7.689379628430553e-03  
      156 -6.565298067297138e-03  
      157 -5.352435162398749e-03  
      158 -4.069089973047953e-03  
      159 -2.734470898792047e-03  
      160 -1.368410720022511e-03  
      161  8.925660083275553e-06  
      162  1.377336499069068e-03  
      163  2.716877231980748e-03  
      164  4.008148972290616e-03  
      165  5.232577351927214e-03  
      166  6.372677718689592e-03  
      167  7.412302929197724e-03  
      168  8.336870248492436e-03  
      169  9.133564189233660e-03  
      170  9.791512489259344e-03  
      171  1.030193283055313e-02  
      172  1.065824833939583e-02  
      173  1.085617037017476e-02  
      174  1.089374755718567e-02  
      175  1.077138061273170e-02  
      176  1.049180284870953e-02  
      177  1.006002689544742e-02  
      178  9.483258578664552e-03  
      179  8.770779386068180e-03  
      180  7.933799402580866e-03  
      181  6.985283011144294e-03  
      182  5.939750038589751e-03  
      183  4.813055367845467e-03  
      184  3.622150334031246e-03  
      185  2.384829468713883e-03  
      186  1.119466350441040e-03  
      187 -1.552575419058186e-04  
      188 -1.420626995126191e-03  
      189 -2.658166246042544e-03  
      190 -3.849907217999468e-03  
      191 -4.978648935529458e-03  
      192 -6.028204391070893e-03  
      193 -6.983631338785367e-03  
      194 -7.831443741798642e-03  
      195 -8.559800896701907e-03  
      196 -9.158671598366464e-03  
      197 -9.619971083932219e-03  
      198 -9.937668901608836e-03  
      199 -1.010786628163644e-02  
      200  0.000000000000000e+00  
        3  1.529550641148358e+00  1.541048855110490e+00 
        0  0.000000000000000e+00  
        1  0.000000000000000e+00  
        2  4.908620942425957e-03  
        3 -9.967121167196037e-03  
        4  1.436272041120996e-02  
        5 -1.816582342439403e-02  
        6  2.152793069180937e-02  
        7 -2.453544461908557e-02  
        8  2.721773342568715e-02  
        9 -2.957379977420449e-02  
       10  3.159052212837048e-02  
       11 -3.325214876011047e-02  
       12  3.454464300328319e-02  
       13 -3.545752432964051e-02  
       14  3.598460514269663e-02  
       15 -3.612425950089412e-02  
       16  3.587948509044323e-02  
       17 -3.525785754915323e-02  
       18  3.427141251334133e-02  
       19 -3.293646801080415e-02  
       20  3.127339270176328e-02  
       21 -2.930632381461083e-02  
       22  2.706283868316666e-02  
       23 -2.457358429312415e-02  
       24  2.187186979463316e-02  
       25 -1.899322742895494e-02  
       26  1.597494772586031e-02  
       27 -1.285559515079804e-02  
       28  9.674510615925473e-03  
       29 -6.471307416047532e-03  
       30  3.285367208675175e-03  
       31 -1.553426267262865e-04  
       32 -2.881327006279038e-03  
       33  5.788880593381897e-03  
       34 -8.533674836227703e-03  
       35  1.108459285096671e-02  
       36 -1.341341665700723e-02  
       37  1.549515887498554e-02  
       38 -1.730834953793134e-02  
       39  1.883527453956725e-02  
       40 -2.006216290739965e-02  
       41  2.097932078658297e-02  
       42 -2.158121074387959e-02  
       43  2.186647573949475e-02  
       44 -2.183790785807374e-02  
       45  2.150236262860660e-02  
       46 -2.087062048640386e-02  
       47  1.995719762893583e-02  
       48 -1.878010918179673e-02  
       49  1.736058821249617e-02  
       50 -1.572276469994902e-02  
       51  1.389330907892227e-02  
       52 -1.190104542462921e-02  
       53  9.776539717386385e-03  
       54 -7.551668926016841e-03  
       55  5.259176867802600e-03  
       56 -2.932222939678281e-03  
       57  6.039298685714623e-04  
       58  1.693063401956130e-03  
       59 -3.927037685465525e-03  
       60  6.067612578448792e-03  
       61 -8.086143002792456e-03  
       62  9.956088076283873e-03  
       63 -1.165334753800844e-02  
       64  1.315656143354339e-02  
       65 -1.444736929859943e-02  
       66  1.551062566155246e-02  
       67 -1.633456930687438e-02  
       68  1.691094439404327e-02  
       69 -1.723507220092733e-02  
       70  1.730587294748338e-02  
       71 -1.712583784535159e-02  
       72  1.670095220203579e-02  
       73 -1.604057107544700e-02  
       74  1.515724961654142e-02  
       75 -1.406653084588228e-02  
       76  1.278669417599371e-02  
       77 -1.133846850777532e-02  
       78  9.744714189160062e-03  
       79 -8.030078521595181e-03  
       80  6.220629829679850e-03  
       81 -4.343475367241579e-03  
       82  2.426368516137613e-03  
       83 -4.973108400458509e-04  
       84 -1.415845416534293e-03  
       85  3.285788843823139e-03  
       86 -5.086128983317760e-03  
       87  6.791759833066149e-03  
       88 -8.379201801825092e-03  
       89  9.826917511726097e-03  
       90 -1.111559725036775e-02  
       91  1.222841033039280e-02  
       92 -1.315121912085566e-02  
       93  1.387275306265606e-02  
       94 -1.438474056207744e-02  
       95  1.468199726367063e-02  
       96 -1.476246982769772e-02  
       97  1.462723496924848e-02  
       98 -1.428045414705160e-02  
       99  1.372928491107813e-02  
      100 -1.298375052061964e-02  
      101  1.205657002026798e-02  
      102 -1.096295150220669e-02  
      103  9.720351782055790e-03  
      104 -8.348206165438247e-03  
      105  6.867632377432480e-03  
      106 -5.301113061920655e-03  
      107  3.672161528197208e-03  
      108 -2.004975624657912e-03  
      109  3.240847515161494e-04  
      110  1.346004915134371e-03  
      111 -2.981161927376518e-03  
      112  4.557972820438037e-03  
      113 -6.054072294604917e-03  
      114  7.448455720668468e-03  
      115 -8.721769649823170e-03  
      116  9.856576352612450e-03  
      117 -1.083758880931554e-02  
      118  1.165187302010794e-02  
      119 -1.228901499079092e-02  
      120  1.274125027170180e-02  
      121 -1.300355447596887e-02  
      122  1.307369377061213e-02  
      123 -1.295223491193801e-02  
      124  1.264251497695680e-02  
      125 -1.215057151690133e-02  
      126  1.148503441921083e-02  
      127 -1.065698130267957e-02  
      128  9.679758779324048e-03  
      129 -8.568772388827247e-03  
      130  7.341248440664667e-03  
      131 -6.015971379345140e-03  
      132  4.613000614479115e-03  
      133 -3.153371025287256e-03  
      134  1.658781555206157e-03  
      135 -1.512764538616118e-04  
      136 -1.347076200778836e-03  
      137  2.814504058483826e-03  
      138 -4.229843547194314e-03  
      139  5.572841956946439e-03  
      140 -6.824444282554256e-03  
      141  7.967060796584435e-03  
      142 -8.984811626657150e-03  
      143  9.863744965198118e-03  
      144 -1.059202594008016e-02  
      145  1.116009361513047e-02  
      146 -1.156078406370056e-02  
      147  1.178941795941264e-02  
      148 -1.184385164847637e-02  
      149  1.172449120004332e-02  
      150 -1.143426946723605e-02  
      151  1.097858672403701e-02  
      152 -1.036521596452871e-02  
      153  9.604174453617982e-03  
      154 -8.707563595241725e-03  
      155  7.689379628430553e-03  
      156 -6.565298067297138e-03  
      157  5.352435162398749e-03  
      158 -4.069089973047953e-03  
      159  2.734470898792047e-03  
      160 -1.368410720022511e-03  
      161 -8.925660083275553e-06  
      162  1.377336499069068e-03  
      163 -2.716877231980748e-03  
      164  4.008148972290616e-03  
      165 -5.232577351927214e-03  
      166  6.372677718689592e-03  
      167 -7.412302929197724e-03  
      168  8.336870248492436e-03  
      169 -9.133564189233660e-03  
      170  9.791512489259344e-03  
      171 -1.030193283055313e-02  
      172  1.065824833939583e-02  
      173 -1.085617037017476e-02  
      174  1.089374755718567e-02  
      175 -1.077138061273170e-02  
      176  1.049180284870953e-02  
      177 -1.006002689544742e-02  
      178  9.483258578664552e-03  
      179 -8.770779386068180e-03  
      180  7.933799402580866e-03  
      181 -6.985283011144294e-03  
      182  5.939750038589751e-03  
      183 -4.813055367845467e-03  
      184  3.622150334031246e-03  
      185 -2.384829468713883e-03  
      186  1.119466350441040e-03  
      187  1.552575419058186e-04  
      188 -1.420626995126191e-03  
      189  2.658166246042544e-03  
      190 -3.849907217999468e-03  
      191  4.978648935529458e-03  
      192 -6.028204391070893e-03  
      193  6.983631338785367e-03  
      194 -7.831443741798642e-03  
      195  8.559800896701907e-03  
      196 -9.158671598366464e-03  
      197  9.619971083932219e-03  
      198 -9.937668901608836e-03  
      199  1.010786628163644e-02  
      200  0.000000000000000e+00  
        1  1.750000000000000e-01  2.576505579268168e-01 
        0  0.000000000000000e+00  
        1  0.000000000000000e+00  
        2  1.925152391644495e-01  
        3  0.000000000000000e+00  
        4  2.305736481952855e-02  
        5  0.000000000000000e+00  
        6 -1.302014612155215e-01  
        7  0.000000000000000e+00  
        8 -4.224948926171892e-03  
        9  0.000000000000000e+00  
       10  1.047279638081986e-01  
       11  0.000000000000000e+00  
       12 -9.541415813972776e-03  
       13  0.000000000000000e+00  
       14 -8.830647327861209e-02  
       15  0.000000000000000e+00  
       16  2.006211076386345e-02  
       17  0.000000000000000e+00  
       18  7.546123472451192e-02  
       19  0.000000000000000e+00  
       20 -2.831531173110912e-02  
       21  0.000000000000000e+00  
       22 -6.434537846417523e-02  
       23  0.000000000000000e+00  
       24  3.479324555661337e-02  
       25  0.000000000000000e+00  
       26  5.419161420546933e-02  
       27  0.000000000000000e+00  
       28 -3.976881237881906e-02  
       29  0.000000000000000e+00  
       30 -4.465574240726870e-02  
       31  0.000000000000000e+00  
       32  4.341104856589595e-02  
       33  0.000000000000000e+00  
       34  3.558855976332657e-02  
       35  0.000000000000000e+00  
       36 -4.583837902473944e-02  
       37  0.000000000000000e+00  
       38 -2.694024127325657e-02  
       39  0.000000000000000e+00  
       40  4.714518828766399e-02  
       41  0.000000000000000e+00  
       42  1.871446613757512e-02  
       43  0.000000000000000e+00  
       44 -4.741587037189527e-02  
       45  0.000000000000000e+00  
       46 -1.094395298994550e-02  
       47  0.000000000000000e+00  
       48  4.673247746062576e-02  
       49  0.000000000000000e+00  
       50  3.676224206242249e-03  
       51  0.000000000000000e+00  
       52 -4.517883847076171e-02  
       53  0.000000000000000e+00  
       54  3.035300723528212e-03  
       55  0.000000000000000e+00  
       56  4.284259800899848e-02  
       57  0.000000000000000e+00  
       58 -9.137211289883325e-03  
       59  0.000000000000000e+00  
       60 -3.981595993388255e-02  
       61  0.000000000000000e+00  
       62  1.458019135368294e-02  
       63  0.000000000000000e+00  
       64  3.619558786016386e-02  
       65  0.000000000000000e+00  
       66 -1.932191383704107e-02  
       67  0.000000000000000e+00  
       68 -3.208194088043367e-02  
       69  0.000000000000000e+00  
       70  2.332909672045795e-02  
       71  0.000000000000000e+00  
       72  2.757822725781304e-02  
       73  0.000000000000000e+00  
       74 -2.657892569466986e-02  
       75  0.000000000000000e+00  
       76 -2.278910417067712e-02  
       77  0.000000000000000e+00  
       78  2.905996905126702e-02  
       79  0.000000000000000e+00  
       80  1.781921892987441e-02  
       81  0.000000000000000e+00  
       82 -3.077266623799774e-02  
       83  0.000000000000000e+00  
       84 -1.277166661109976e-02  
       85  0.000000000000000e+00  
       86  3.172944700068180e-02  
       87  0.000000000000000e+00  
       88  7.746425427030573e-03  
       89  0.000000000000000e+00  
       90 -3.195452468581735e-02  
       91  0.000000000000000e+00  
       92 -2.838821433380612e-03  
       93  0.000000000000000e+00  
       94  3.148340037542633e-02  
       95  0.000000000000000e+00  
       96 -1.861933378414314e-03  
       97  0.000000000000000e+00  
       98 -3.036211135912980e-02  
       99  0.000000000000000e+00  
      100  6.274091885802780e-03  
      101  0.000000000000000e+00  
      102  2.864625640542037e-02  
      103  0.000000000000000e+00  
      104 -1.032457952321332e-02  
      105  0.000000000000000e+00  
      106 -2.639983038423630e-02  
      107  0.000000000000000e+00  
      108  1.395003223133332e-02  
      109  0.000000000000000e+00  
      110  2.369390139088089e-02  
      111  0.000000000000000e+00  
      112 -1.709764329837361e-02  
      113  0.000000000000000e+00  
      114 -2.060516422352311e-02  
      115  0.000000000000000e+00  
      116  1.972580291656939e-02  
      117  0.000000000000000e+00  
      118  1.721440460939298e-02  
      119  0.000000000000000e+00  
      120 -2.180451942654530e-02  
      121  0.000000000000000e+00  
      122 -1.360490878680112e-02  
      123  0.000000000000000e+00  
      124  2.331561630774003e-02  
      125  0.000000000000000e+00  
      126  9.860852822962203e-03  
      127  0.000000000000000e+00  
      128 -2.425270395007682e-02  
      129  0.000000000000000e+00  
      130 -6.065705318445437e-03  
      131  0.000000000000000e+00  
      132  2.462093005143173e-02  
      133  0.000000000000000e+00  
      134  2.300675889201197e-03  
      135  0.000000000000000e+00  
      136 -2.443651706077446e-02  
      137  0.000000000000000e+00  
      138  1.356759975596537e-03  
      139  0.000000000000000e+00  
      140  2.372609935943318e-02  
      141  0.000000000000000e+00  
      142 -4.834231388013252e-03  
      143  0.000000000000000e+00  
      144 -2.252587677564001e-02  
      145  0.000000000000000e+00  
      146  8.065712359725240e-03  
      147  0.000000000000000e+00  
      148  2.088060449778792e-02  
      149  0.000000000000000e+00  
      150 -1.099260962579503e-02  
      151  0.000000000000000e+00  
      152 -1.884244243403173e-02  
      153  0.000000000000000e+00  
      154  1.356467926947676e-02  
      155  0.000000000000000e+00  
      156  1.646968951309254e-02  
      157  0.000000000000000e+00  
      158 -1.574075729084735e-02  
      159  0.000000000000000e+00  
      160 -1.382543029661413e-02  
      161  0.000000000000000e+00  
      162  1.748929334433697e-02  
      163  0.000000000000000e+00  
      164  1.097612255154335e-02  
      165  0.000000000000000e+00  
      166 -1.878868108513583e-02  
      167  0.000000000000000e+00  
      168 -7.990155097935962e-03  
      169  0.000000000000000e+00  
      170  1.962738282705604e-02  
      171  0.000000000000000e+00  
      172  4.936405301608197e-03  
      173  0.000000000000000e+00  
      174 -2.000385043938734e-02  
      175  0.000000000000000e+00  
      176 -1.882825032581341e-03  
      177  0.000000000000000e+00  
      178  1.992624851379052e-02  
      179  0.000000000000000e+00  
      180 -1.104917218424880e-03  
      181  0.000000000000000e+00  
      182 -1.941198973387518e-02  
      183  0.000000000000000e+00  
      184  3.964712048518699e-03  
      185  0.000000000000000e+00  
      186  1.848709600443242e-02  
      187  0.000000000000000e+00  
      188 -6.639178837104169e-03  
      189  0.000000000000000e+00  
      190 -1.718540217559121e-02  
      191  0.000000000000000e+00  
      192  9.076708213985513e-03  
      193  0.000000000000000e+00  
      194  1.554762206869685e-02  
      195  0.000000000000000e+00  
      196 -1.123235910259363e-02  
      197  0.000000000000000e+00  
      198 -1.362029892391779e-02  
      199  0.000000000000000e+00  
      200  0.000000000000000e+00  
        2 -3.403011158536337e-01  7.157334982720677e-01 
        0  0.000000000000000e+00  
        1  0.000000000000000e+00  
        2  8.980579118680748e-03  
        3  1.939703444944362e-02  
        4  2.806964854470251e-02  
        5  3.401631383106234e-02  
        6  3.717556258053966e-02  
        7  3.778801088714193e-02  
        8  3.616111419437371e-02  
        9  3.261434193439593e-02  
       10  2.748695247477487e-02  
       11  2.115304830115456e-02  
       12  1.402482024598181e-02  
       13  6.541979555499665e-03  
       14 -8.485316783330099e-04  
       15 -7.717508613595193e-03  
       16 -1.367895658138994e-02  
       17 -1.841307495215232e-02  
       18 -2.168474367374074e-02  
       19 -2.335623771493374e-02  
       20 -2.339345600836875e-02  
       21 -2.186542385984565e-02  
       22 -1.893725790399537e-02  
       23 -1.485718220387049e-02  
       24 -9.938542837132022e-03  
       25 -4.538066970357863e-03  
       26  9.681687502290162e-04  
       27  6.209471934801251e-03  
       28  1.084436161593193e-02  
       29  1.458196457467016e-02  
       30  1.719963917198869e-02  
       31  1.855575279603455e-02  
       32  1.859687332911801e-02  
       33  1.735901302429744e-02  
       34  1.496295939733736e-02  
       35  1.160411581891838e-02  
       36  7.537628918895182e-03  
       37  3.059877705601450e-03  
       38 -1.512378496257576e-03  
       39 -5.863763286580214e-03  
       40 -9.701491621256875e-03  
       41 -1.277461944437485e-02  
       42 -1.489008504729644e-02  
       43 -1.592452814278556e-02  
       44 -1.583117221937002e-02  
       45 -1.464139852514055e-02  
       46 -1.246100248298491e-02  
       47 -9.461480899838065e-03  
       48 -5.867027076654246e-03  
       49 -1.938189165408152e-03  
       50  2.046643165134850e-03  
       51  5.810630682877204e-03  
       52  9.097423298488214e-03  
       53  1.168836547796051e-02  
       54  1.341682601535068e-02  
       55  1.417872291951386e-02  
       56  1.393858722072331e-02  
       57  1.273082319292672e-02  
       58  1.065615498747227e-02  
       59  7.873578151984051e-03  
       60  4.588436686726679e-03  
       61  1.037501954770076e-03  
       62 -2.527877892686034e-03  
       63 -5.859372577764916e-03  
       64 -8.728788907613416e-03  
       65 -1.094354473425589e-02  
       66 -1.235945700520701e-02  
       67 -1.289000197160363e-02  
       68 -1.251145945650379e-02  
       69 -1.126364396891622e-02  
       70 -9.246232991932791e-03  
       71 -6.611005686309557e-03  
       72 -3.550582808330855e-03  
       73 -2.844920940158350e-04  
       74  2.956442798400039e-03  
       75  5.946288710765101e-03  
       76  8.479637814034019e-03  
       77  1.038561599010401e-02  
       78  1.153931551250489e-02  
       79  1.186989237288121e-02  
       80  1.136480840726965e-02  
       81  1.006997128844370e-02  
       82  8.085812271963829e-03  
       83  5.559622365838992e-03  
       84  2.674723018071675e-03  
       85 -3.627398820358157e-04  
       86 -3.338434147981649e-03  
       87 -6.044878409494597e-03  
       88 -8.295828906488788e-03  
       89 -9.939023430833646e-03  
       90 -1.086641481429040e-02  
       91 -1.102121010681636e-02  
       92 -1.040126081598925e-02  
       93 -9.058607937844316e-03  
       94 -7.095254800077316e-03  
       95 -4.655502181110370e-03  
       96 -1.915415711227016e-03  
       97  9.298108767800213e-04  
       98  3.679694516876523e-03  
       99  6.142526982139519e-03  
      100  8.148681982446932e-03  
      101  9.562245218943964e-03  
      102  1.029017330881072e-02  
      103  1.028836739936469e-02  
      104  9.564268205615845e-03  
      105  8.175825387693278e-03  
      106  6.226948280109129e-03  
      107  3.859789247032639e-03  
      108  1.244428463135461e-03  
      109 -1.433295185593886e-03  
      110 -3.984939989179375e-03  
      111 -6.232676138531833e-03  
      112 -8.021635707354867e-03  
      113 -9.230543028678229e-03  
      114 -9.779898318202085e-03  
      115 -9.637164695277060e-03  
      116 -8.818622850538993e-03  
      117 -7.387793268010953e-03  
      118 -5.450566516333663e-03  
      119 -3.147410860230388e-03  
      120 -6.432274576125941e-04  
      121  1.884417089124815e-03  
      122  4.257843849615825e-03  
      123  6.311715505095387e-03  
      124  7.904520596373737e-03  
      125  8.928292586047822e-03  
      126  9.315898224017924e-03  
      127  9.045405134784279e-03  
      128  8.141246808104068e-03  
      129  6.672129466478367e-03  
      130  4.745853655687822e-03  
      131  2.501437888480295e-03  
      132  9.911738934199914e-05  
      133 -2.291064814756686e-03  
      134 -4.501264294885706e-03  
      135 -6.377593413332800e-03  
      136 -7.790809505628894e-03  
      137 -8.645192454427051e-03  
      138 -8.885003469539170e-03  
      139 -8.498090863504752e-03  
      140 -7.516411675983537e-03  
      141 -6.013455735778729e-03  
      142 -4.098775818017372e-03  
      143 -1.910028774713853e-03  
      144  3.968960746624080e-04  
      145  2.658955189864004e-03  
      146  4.717450154731888e-03  
      147  6.429138726445289e-03  
      148  7.676181199252919e-03  
      149  8.374232845596475e-03  
      150  8.478128019529369e-03  
      151  7.984774227698341e-03  
      152  6.933072735780498e-03  
      153  5.400892023533044e-03  
      154  3.499326861440331e-03  
      155  1.364664517804109e-03  
      156 -8.513624838384075e-04  
      157 -2.992341406096390e-03  
      158 -4.908199800751190e-03  
      159 -6.465706337865613e-03  
      160 -7.557718455501680e-03  
      161 -8.110536107984123e-03  
      162 -8.088857990351406e-03  
      163 -7.498008135295974e-03  
      164 -6.383294471464455e-03  
      165 -4.826563078152477e-03  
      166 -2.940208245858959e-03  
      167 -8.590753240725472e-04  
      168  1.269161570470456e-03  
      169  3.294461573199906e-03  
      170  5.074978806026005e-03  
      171  6.486981475331834e-03  
      172  7.433435745752059e-03  
      173  7.850659854593831e-03  
      174  7.712593099250472e-03  
      175  7.032394598400528e-03  
      176  5.861275963220148e-03  
      177  4.284666826404412e-03  
      178  2.415998862934030e-03  
      179  3.885594473857736e-04  
      180 -1.654001058895992e-03  
      181 -3.567833339321568e-03  
      182 -5.219006295878322e-03  
      183 -6.492866741257307e-03  
      184 -7.301988387852092e-03  
      185 -7.592159845042539e-03  
      186 -7.346002309781120e-03  
      187 -6.583976534184011e-03  
      188 -5.362723460298027e-03  
      189 -3.770870561364618e-03  
      190 -1.922613230321155e-03  
      191  5.046487963004863e-05  
      192  2.008747554771183e-03  
      193  3.814453427028435e-03  
      194  5.341318539104253e-03  
      195  6.483414419751960e-03  
      196  7.162486571623321e-03  
      197  7.333305681088803e-03  
      198  6.986666342589644e-03  
      199  6.149835449589121e-03  
      200  0.000000000000000e+00  
        3  6.903011158536337e-01  7.157334982720677e-01 
        0  0.000000000000000e+00  
        1  0.000000000000000e+00  
        2  8.980579118680748e-03  
        3 -1.939703444944362e-02  
        4  2.806964854470251e-02  
        5 -3.401631383106234e-02  
        6  3.717556258053966e-02  
        7 -3.778801088714193e-02  
        8  3.616111419437371e-02  
        9 -3.261434193439593e-02  
       10  2.748695247477487e-02  
       11 -2.115304830115456e-02  
       12  1.402482024598181e-02  
       13 -6.541979555499665e-03  
       14 -8.485316783330099e-04  
       15  7.717508613595193e-03  
       16 -1.367895658138994e-02  
       17  1.841307495215232e-02  
       18 -2.168474367374074e-02  
       19  2.335623771493374e-02  
       20 -2.339345600836875e-02  
       21  2.186542385984565e-02  
       22 -1.893725790399537e-02  
       23  1.485718220387049e-02  
       24 -9.938542837132022e-03  
       25  4.538066970357863e-03  
       26  9.681687502290162e-04  
       27 -6.209471934801251e-03  
       28  1.084436161593193e-02  
       29 -1.458196457467016e-02  
       30  1.719963917198869e-02  
       31 -1.855575279603455e-02  
       32  1.859687332911801e-02  
       33 -1.735901302429744e-02  
       34  1.496295939733736e-02  
       35 -1.160411581891838e-02  
       36  7.537628918895182e-03  
       37 -3.059877705601450e-03  
       38 -1.512378496257576e-03  
       39  5.863763286580214e-03  
       40 -9.701491621256875e-03  
       41  1.277461944437485e-02  
       42 -1.489008504729644e-02  
       43  1.592452814278556e-02  
       44 -1.583117221937002e-02  
       45  1.464139852514055e-02  
       46 -1.246100248298491e-02  
       47  9.461480899838065e-03  
       48 -5.867027076654246e-03  
       49  1.938189165408152e-03  
       50  2.046643165134850e-03  
       51 -5.810630682877204e-03  
       52  9.097423298488214e-03  
       53 -1.168836547796051e-02  
       54  1.341682601535068e-02  
       55 -1.417872291951386e-02  
       56  1.393858722072331e-02  
       57 -1.273082319292672e-02  
       58  1.065615498747227e-02  
       59 -7.873578151984051e-03  
       60  4.588436686726679e-03  
       61 -1.037501954770076e-03  
       62 -2.527877892686034e-03  
       63  5.859372577764916e-03  
       64 -8.728788907613416e-03  
       65  1.094354473425589e-02  
       66 -1.235945700520701e-02  
       67  1.289000197160363e-02  
       68 -1.251145945650379e-02  
       69  1.126364396891622e-02  
       70 -9.246232991932791e-03  
       71  6.611005686309557e-03  
       72 -3.550582808330855e-03  
       73  2.844920940158350e-04  
       74  2.956442798400039e-03  
       75 -5.946288710765101e-03  
       76  8.479637814034019e-03  
       77 -1.038561599010401e-02  
       78  1.153931551250489e-02  
       79 -1.186989237288121e-02  
       80  1.136480840726965e-02  
       81 -1.006997128844370e-02  
       82  8.085812271963829e-03  
       83 -5.559622365838992e-03  
       84  2.674723018071675e-03  
       85  3.627398820358157e-04  
       86 -3.338434147981649e-03  
       87  6.044878409494597e-03  
       88 -8.295828906488788e-03  
       89  9.939023430833646e-03  
       90 -1.086641481429040e-02  
       91  1.102121010681636e-02  
       92 -1.040126081598925e-02  
       93  9.058607937844316e-03  
       94 -7.095254800077316e-03  
       95  4.655502181110370e-03  
       96 -1.915415711227016e-03  
       97 -9.298108767800213e-04  
       98  3.679694516876523e-03  
       99 -6.142526982139519e-03  
      100  8.148681982446932e-03  
      101 -9.562245218943964e-03  
      102  1.029017330881072e-02  
      103 -1.028836739936469e-02  
      104  9.564268205615845e-03  
      105 -8.175825387693278e-03  
      106  6.226948280109129e-03  
      107 -3.859789247032639e-03  
      108  1.244428463135461e-03  
      109  1.433295185593886e-03  
      110 -3.984939989179375e-03  
      111  6.232676138531833e-03  
      112 -8.021635707354867e-03  
      113  9.230543028678229e-03  
      114 -9.779898318202085e-03  
      115  9.637164695277060e-03  
      116 -8.818622850538993e-03  
      117  7.387793268010953e-03  
      118 -5.450566516333663e-03  
      119  3.147410860230388e-03  
      120 -6.432274576125941e-04  
      121 -1.884417089124815e-03  
      122  4.257843849615825e-03  
      123 -6.311715505095387e-03  
      124  7.904520596373737e-03  
      125 -8.928292586047822e-03  
      126  9.315898224017924e-03  
      127 -9.045405134784279e-03  
      128  8.141246808104068e-03  
      129 -6.672129466478367e-03  
      130  4.745853655687822e-03  
      131 -2.501437888480295e-03  
      132  9.911738934199914e-05  
      133  2.291064814756686e-03  
      134 -4.501264294885706e-03  
      135  6.377593413332800e-03  
      136 -7.790809505628894e-03  
      137  8.645192454427051e-03  
      138 -8.885003469539170e-03  
      139  8.498090863504752e-03  
      140 -7.516411675983537e-03  
      141  6.013455735778729e-03  
      142 -4.098775818017372e-03  
      143  1.910028774713853e-03  
      144  3.968960746624080e-04  
      145 -2.658955189864004e-03  
      146  4.717450154731888e-03  
      147 -6.429138726445289e-03  
      148  7.676181199252919e-03  
      149 -8.374232845596475e-03  
      150  8.478128019529369e-03  
      151 -7.984774227698341e-03  
      152  6.933072735780498e-03  
      153 -5.400892023533044e-03  
      154  3.499326861440331e-03  
      155 -1.364664517804109e-03  
      156 -8.513624838384075e-04  
      157  2.992341406096390e-03  
      158 -4.908199800751190e-03  
      159  6.465706337865613e-03  
      160 -7.557718455501680e-03  
      161  8.110536107984123e-03  
      162 -8.088857990351406e-03  
      163  7.498008135295974e-03  
      164 -6.383294471464455e-03  
      165  4.826563078152477e-03  
      166 -2.940208245858959e-03  
      167  8.590753240725472e-04  
      168  1.269161570470456e-03  
      169 -3.294461573199906e-03  
      170  5.074978806026005e-03  
      171 -6.486981475331834e-03  
      172  7.433435745752059e-03  
      173 -7.850659854593831e-03  
      174  7.712593099250472e-03  
      175 -7.032394598400528e-03  
      176  5.861275963220148e-03  
      177 -4.284666826404412e-03  
      178  2.415998862934030e-03  
      179 -3.885594473857736e-04  
      180 -1.654001058895992e-03  
      181  3.567833339321568e-03  
      182 -5.219006295878322e-03  
      183  6.492866741257307e-03  
      184 -7.301988387852092e-03  
      185  7.592159845042539e-03  
      186 -7.346002309781120e-03  
      187  6.583976534184011e-03  
      188 -5.362723460298027e-03  
      189  3.770870561364618e-03  
      190 -1.922613230321155e-03  
      191 -5.046487963004863e-05  
      192  2.008747554771183e-03  
      193 -3.814453427028435e-03  
      194  5.341318539104253e-03  
      195 -6.483414419751960e-03  
      196  7.162486571623321e-03  
      197 -7.333305681088803e-03  
      198  6.986666342589644e-03  
      199 -6.149835449589121e-03  
      200  0.000000000000000e+00  
        1  4.500000000000004e-02  1.996377970225078e-01 
        0  0.000000000000000e+00  
        1  0.000000000000000e+00  
        2  4.945855944521020e-01  
        3  0.000000000000000e+00  
        4 -6.347369601085717e-01  
        5  0.000000000000000e+00  
        6  6.206127216835654e-01  
        7  0.000000000000000e+00  
        8 -5.017984781025669e-01  
        9  0.000000000000000e+00  
       10  3.195211754722303e-01  
       11  0.000000000000000e+00  
       12 -1.148387377713748e-01  
       13  0.000000000000000e+00  
       14 -7.441358734537790e-02  
       15  0.000000000000000e+00  
       16  2.182491139052866e-01  
       17  0.000000000000000e+00  
       18 -2.982127897105893e-01  
       19  0.000000000000000e+00  
       20  3.090937327208636e-01  
       21  0.000000000000000e+00  
       22 -2.583521370873287e-01  
       23  0.000000000000000e+00  
       24  1.634680993194186e-01  
       25  0.000000000000000e+00  
       26 -4.781081321826833e-02  
       27  0.000000000000000e+00  
       28 -6.413786804171953e-02  
       29  0.000000000000000e+00  
       30  1.513109943451928e-01  
       31  0.000000000000000e+00  
       32 -1.995496431063513e-01  
       33  0.000000000000000e+00  
       34  2.035210926805679e-01  
       35  0.000000000000000e+00  
       36 -1.668477765984371e-01  
       37  0.000000000000000e+00  
       38  1.005745721958953e-01  
       39  0.000000000000000e+00  
       40 -2.039553776644662e-02  
       41  0.000000000000000e+00  
       42 -5.674403936329030e-02  
       43  0.000000000000000e+00  
       44  1.159873720091704e-01  
       45  0.000000000000000e+00  
       46 -1.472287698828222e-01  
       47  0.000000000000000e+00  
       48  1.466541495510317e-01  
       49  0.000000000000000e+00  
       50 -1.169583898466477e-01  
       51  0.000000000000000e+00  
       52  6.630200955999825e-02  
       53  0.000000000000000e+00  
       54 -6.302334219472245e-03  
       55  0.000000000000000e+00  
       56 -5.048518602783781e-02  
       57  0.000000000000000e+00  
       58  9.307661177144061e-02  
       59  0.000000000000000e+00  
       60 -1.140804136651413e-01  
       61  0.000000000000000e+00  
       62  1.108772096181890e-01  
       63  0.000000000000000e+00  
       64 -8.579125007529680e-02  
       65  0.000000000000000e+00  
       66  4.529101889874398e-02  
       67  0.000000000000000e+00  
       68  1.560128128638226e-03  
       69  0.000000000000000e+00  
       70 -4.505320222432715e-02  
       71  0.000000000000000e+00  
       72  7.677888817930081e-02  
       73  0.000000000000000e+00  
       74 -9.119222469239968e-02  
       75  0.000000000000000e+00  
       76  8.651762316244765e-02  
       77  0.000000000000000e+00  
       78 -6.486030437453945e-02  
       79  0.000000000000000e+00  
       80  3.155208476070845e-02  
       81  0.000000000000000e+00  
       82  6.094020647363464e-03  
       83  0.000000000000000e+00  
       84 -4.034190231684895e-02  
       85  0.000000000000000e+00  
       86  6.458067107089345e-02  
       87  0.000000000000000e+00  
       88 -7.456160513069626e-02  
       89  0.000000000000000e+00  
       90  6.910021230893729e-02  
       91  0.000000000000000e+00  
       92 -5.013677161117225e-02  
       93  0.000000000000000e+00  
       94  2.217966350846584e-02  
       95  0.000000000000000e+00  
       96  8.725279925309849e-03  
       97  0.000000000000000e+00  
       98 -3.627161410890133e-02  
       99  0.000000000000000e+00  
      100  5.515182491329494e-02  
      101  0.000000000000000e+00  
      102 -6.205355739479861e-02  
      103  0.000000000000000e+00  
      104  5.621094214183370e-02  
      105  0.000000000000000e+00  
      106 -3.942586918048112e-02  
      107  0.000000000000000e+00  
      108  1.558212870194102e-02  
      109  0.000000000000000e+00  
      110  1.022655425680222e-02  
      111  0.000000000000000e+00  
      112 -3.276399560824516e-02  
      113  0.000000000000000e+00  
      114  4.769503635447502e-02  
      115  0.000000000000000e+00  
      116 -5.240092651216750e-02  
      117  0.000000000000000e+00  
      118  4.641705373441300e-02  
      119  0.000000000000000e+00  
      120 -3.142467061577314e-02  
      121  0.000000000000000e+00  
      122  1.081904157617355e-02  
      123  0.000000000000000e+00  
      124  1.104140631173363e-02  
      125  0.000000000000000e+00  
      126 -2.974243523895264e-02  
      127  0.000000000000000e+00  
      128  4.169191883010888e-02  
      129  0.000000000000000e+00  
      130 -4.479647071192235e-02  
      131  0.000000000000000e+00  
      132  3.881208014010447e-02  
      133  0.000000000000000e+00  
      134 -2.531363839176688e-02  
      135  0.000000000000000e+00  
      136  7.305648216888680e-03  
      137  0.000000000000000e+00  
      138  1.143385569832315e-02  
      139  0.000000000000000e+00  
      140 -2.713542924556014e-02  
      141  0.000000000000000e+00  
      142  3.678661591752663e-02  
      143  0.000000000000000e+00  
      144 -3.870003315525004e-02  
      145  0.000000000000000e+00  
      146  3.279605517234301e-02  
      147  0.000000000000000e+00  
      148 -2.055551632554444e-02  
      149  0.000000000000000e+00  
      150  4.664757335002163e-03  
      151  0.000000000000000e+00  
      152  1.156478128682721e-02  
      153  0.000000000000000e+00  
      154 -2.487884941368873e-02  
      155  0.000000000000000e+00  
      156  3.272557029454243e-02  
      157  0.000000000000000e+00  
      158 -3.373709832470264e-02  
      159  0.000000000000000e+00  
      160  2.795837684382288e-02  
      161  0.000000000000000e+00  
      162 -1.678693373792879e-02  
      163  0.000000000000000e+00  
      164  2.646135947299172e-03  
      165  0.000000000000000e+00  
      166  1.153373468202081e-02  
      167  0.000000000000000e+00  
      168 -2.291682807509279e-02  
      169  0.000000000000000e+00  
      170  2.932328691446374e-02  
      171  0.000000000000000e+00  
      172 -2.964095585689350e-02  
      173  0.000000000000000e+00  
      174  2.401066026561955e-02  
      175  0.000000000000000e+00  
      176 -1.375596490471826e-02  
      177  0.000000000000000e+00  
      178  1.079959947870283e-03  
      179  0.000000000000000e+00  
      180  1.140293453968540e-02  
      181  0.000000000000000e+00  
      182 -2.120167912318477e-02  
      183  0.000000000000000e+00  
      184  2.644139987439548e-02  
      185  0.000000000000000e+00  
      186 -2.621763960202805e-02  
      187  0.000000000000000e+00  
      188  2.074606398247866e-02  
      189  0.000000000000000e+00  
      190 -1.128431900651335e-02  
      191  0.000000000000000e+00  
      192 -1.512805649891387e-04  
      193  0.000000000000000e+00  
      194  1.121150062301921e-02  
      195  0.000000000000000e+00  
      196 -1.969327374252067e-02  
      197  0.000000000000000e+00  
      198  2.397513741554030e-02  
      199  0.000000000000000e+00  
      200  0.000000000000000e+00  
        2 -3.542755940450155e-01  4.849856219147651e-01 
        0  0.000000000000000e+00  
        1  0.000000000000000e+00  
        2  3.449714694934962e-02  
        3  8.520171455813053e-02  
        4  1.327867889195716e-01  
        5  1.616129788035300e-01  
        6  1.626862623720538e-01  
        7  1.346358083576397e-01  
        8  8.293240234467175e-02  
        9  1.785275124013356e-02  
       10 -4.818243739413584e-02  
       11 -1.032875825732167e-01  
       12 -1.383199675470023e-01  
       13 -1.483032546139532e-01  
       14 -1.329426493518513e-01  
       15 -9.627663470515505e-02  
       16 -4.563896835691707e-02  
       17  9.816155972759210e-03  
       18  6.074348532879368e-02  
       19  9.912274831685036e-02  
       20  1.194420955629824e-01  
       21  1.194011777607537e-01  
       22  1.000688921755719e-01  
       23  6.551387558283434e-02  
       24  2.199927635901675e-02  
       25 -2.311089819187872e-02  
       26 -6.255427778194601e-02  
       27 -9.029602164247975e-02  
       28 -1.024129368890498e-01  
       29 -9.761349394874855e-02  
       30 -7.733028516846463e-02  
       31 -4.538767630811925e-02  
       32 -7.311224168502798e-03  
       33  3.060244572619538e-02  
       34  6.230373298372234e-02  
       35  8.293553433110447e-02  
       36  8.956126638249784e-02  
       37  8.156829919261936e-02  
       38  6.069304601555420e-02  
       39  3.067445683455229e-02  
       40 -3.399286369502684e-03  
       41 -3.593951039358331e-02  
       42 -6.176186513394002e-02  
       43 -7.690244020672572e-02  
       44 -7.921798112121139e-02  
       45 -6.868029097837970e-02  
       46 -4.732559378781784e-02  
       47 -1.887540637265613e-02  
       48  1.190264426176819e-02  
       49  3.998577682588989e-02  
       50  6.090878774008059e-02  
       51  7.146804790945452e-02  
       52  7.020657361814660e-02  
       53  5.760745553585934e-02  
       54  3.597121628723353e-02  
       55  9.003826093251011e-03  
       56 -1.881209987710746e-02  
       57 -4.295718414577151e-02  
       58 -5.960493494040962e-02  
       59 -6.622404347116027e-02  
       60 -6.195911653596438e-02  
       61 -4.773319063802101e-02  
       62 -2.606127594145089e-02  
       63 -6.108911355485300e-04  
       64  2.441444350186707e-02  
       65  4.496578569040536e-02  
       66  5.780054761064768e-02  
       67  6.099105007675357e-02  
       68  5.421054812117369e-02  
       69  3.875483709522830e-02  
       70  1.730101316037390e-02  
       71 -6.552637006304036e-03  
       72 -2.888711908356012e-02  
       73 -4.610386556616920e-02  
       74 -5.550206224387987e-02  
       75 -5.569992304726486e-02  
       76 -4.683456808381621e-02  
       77 -3.051213973957883e-02  
       78 -9.520704873132403e-03  
       79  1.264334064804490e-02  
       80  3.235534663641697e-02  
       81  4.645309338190642e-02  
       82  5.274215313348646e-02  
       83  5.033546119095690e-02  
       84  3.977486401004995e-02  
       85  2.291863230645591e-02  
       86  2.617138137525179e-03  
       87 -1.776712387938554e-02  
       88 -3.491467464530632e-02  
       89 -4.608798253145551e-02  
       90 -4.956694697474641e-02  
       91 -4.491189813382857e-02  
       92 -3.301419095558675e-02  
       93 -1.592959924419133e-02  
       94  3.474936420462792e-03  
       95  2.200082192267996e-02  
       96  3.664363966390852e-02  
       97  4.507907889451462e-02  
       98  4.603057822354773e-02  
       99  3.946073409236424e-02  
      100  2.655807235715645e-02  
      101  9.524488298414496e-03  
      102 -8.799005570470470e-03  
      103 -2.540485773655482e-02  
      104 -3.761147848453490e-02  
      105 -4.349519713392229e-02  
      106 -4.219226489362561e-02  
      107 -3.402367495658292e-02  
      108 -2.042511051895248e-02  
      109 -3.696315231782783e-03  
      110  1.338662925932573e-02  
      111  2.803094631444019e-02  
      112  3.788279117238779e-02  
      113  4.140467930263658e-02  
      114  3.811434230164296e-02  
      115  2.864808062518701e-02  
      116  1.464080698302132e-02  
      117 -1.555042718525677e-03  
      118 -1.726360755821069e-02  
      119 -2.992684546380879e-02  
      120 -3.752030100635612e-02  
      121 -3.887594736607920e-02  
      122 -3.386074708417294e-02  
      123 -2.338381945867165e-02  
      124 -9.233431226595172e-03  
      125  6.227232240953128e-03  
      126  2.045392004171233e-02  
      127  3.113928424078343e-02  
      128  3.658641598305375e-02  
      129  3.597758607239609e-02  
      130  2.949574896118854e-02  
      131  1.828097448608742e-02  
      132  4.231156872333366e-03  
      133 -1.031835434132739e-02  
      134 -2.298225411855508e-02  
      135 -3.171572551048541e-02  
      136 -3.514401488853360e-02  
      137 -3.277811499313495e-02  
      138 -2.508283577343114e-02  
      139 -1.338809923084804e-02  
      140  3.399749099108475e-04  
      141  1.382893780465104e-02  
      142  2.487559955912729e-02  
      143  3.170535320229528e-02  
      144  3.325671646551840e-02  
      145  2.934555520533661e-02  
      146  2.068370750667621e-02  
      147  8.750853280204951e-03  
      148 -4.457521176160683e-03  
      149 -1.676325186223144e-02  
      150 -2.616419825855264e-02  
      151 -3.115952579383370e-02  
      152 -3.098879666812022e-02  
      153 -2.574686415239519e-02  
      154 -1.635736106602384e-02  
      155 -4.410920250904908e-03  
      156  8.103686192957290e-03  
      157  1.913014082337115e-02  
      158  2.688203171444459e-02  
      159  3.013185234049727e-02  
      160  2.840486467033057e-02  
      161  2.204729264573155e-02  
      162  1.215926110120793e-02  
      163  4.051512715443527e-04  
      164 -1.126604952830283e-02  
      165 -2.094349822611131e-02  
      166 -2.706696670934620e-02  
      167 -2.867799711549793e-02  
      168 -2.556937555257582e-02  
      169 -1.830970528458602e-02  
      170 -8.140598919618052e-03  
      171  3.235100075529575e-03  
      172  1.393803545722768e-02  
      173  2.222245964728392e-02  
      174  2.676064261204185e-02  
      175  2.685528833163917e-02  
      176  2.254603708253056e-02  
      177  1.459389688750357e-02  
      178  4.347644516516098e-03  
      179 -6.484472528131358e-03  
      180 -1.611916609846194e-02  
      181 -2.299137021854197e-02  
      182 -2.600816097106632e-02  
      183 -2.472218720860035e-02  
      184 -1.939715464769302e-02  
      185 -1.095593124550054e-02  
      186 -8.211976358367545e-04  
      187  9.323935680763699e-03  
      188  1.781512901738335e-02  
      189  2.327956879781286e-02  
      190  2.485762379455126e-02  
      191  2.233766119887792e-02  
      192  1.618294930993187e-02  
      193  7.447523684393892e-03  
      194 -2.403856567091823e-03  
      195 -1.174098261503734e-02  
      196 -1.903768319006853e-02  
      197 -2.312102204006953e-02  
      198 -2.335955772004223e-02  
      199 -1.976049681190554e-02  
      200  0.000000000000000e+00  
        3  4.442755940450155e-01  4.849856219147651e-01 
        0  0.000000000000000e+00  
        1  0.000000000000000e+00  
        2  3.449714694934962e-02  
        3 -8.520171455813053e-02  
        4  1.327867889195716e-01  
        5 -1.616129788035300e-01  
        6  1.626862623720538e-01  
        7 -1.346358083576397e-01  
        8  8.293240234467175e-02  
        9 -1.785275124013356e-02  
       10 -4.818243739413584e-02  
       11  1.032875825732167e-01  
       12 -1.383199675470023e-01  
       13  1.483032546139532e-01  
       14 -1.329426493518513e-01  
       15  9.627663470515505e-02  
       16 -4.563896835691707e-02  
       17 -9.816155972759210e-03  
       18  6.074348532879368e-02  
       19 -9.912274831685036e-02  
       20  1.194420955629824e-01  
       21 -1.194011777607537e-01  
       22  1.000688921755719e-01  
       23 -6.551387558283434e-02  
       24  2.199927635901675e-02  
       25  2.311089819187872e-02  
       26 -6.255427778194601e-02  
       27  9.029602164247975e-02  
       28 -1.024129368890498e-01  
       29  9.761349394874855e-02  
       30 -7.733028516846463e-02  
       31  4.538767630811925e-02  
       32 -7.311224168502798e-03  
       33 -3.060244572619538e-02  
       34  6.230373298372234e-02  
       35 -8.293553433110447e-02  
       36  8.956126638249784e-02  
       37 -8.156829919261936e-02  
       38  6.069304601555420e-02  
       39 -3.067445683455229e-02  
       40 -3.399286369502684e-03  
       41  3.593951039358331e-02  
       42 -6.176186513394002e-02  
       43  7.690244020672572e-02  
       44 -7.921798112121139e-02  
       45  6.868029097837970e-02  
       46 -4.732559378781784e-02  
       47  1.887540637265613e-02  
       48  1.190264426176819e-02  
       49 -3.998577682588989e-02  
       50  6.090878774008059e-02  
       51 -7.146804790945452e-02  
       52  7.020657361814660e-02  
       53 -5.760745553585934e-02  
       54  3.597121628723353e-02  
       55 -9.003826093251011e-03  
       56 -1.881209987710746e-02  
       57  4.295718414577151e-02  
       58 -5.960493494040962e-02  
       59  6.622404347116027e-02  
       60 -6.195911653596438e-02  
       61  4.773319063802101e-02  
       62 -2.606127594145089e-02  
       63  6.108911355485300e-04  
       64  2.441444350186707e-02  
       65 -4.496578569040536e-02  
       66  5.780054761064768e-02  
       67 -6.099105007675357e-02  
       68  5.421054812117369e-02  
       69 -3.875483709522830e-02  
       70  1.730101316037390e-02  
       71  6.552637006304036e-03  
       72 -2.888711908356012e-02  
       73  4.610386556616920e-02  
       74 -5.550206224387987e-02  
       75  5.569992304726486e-02  
       76 -4.683456808381621e-02  
       77  3.051213973957883e-02  
       78 -9.520704873132403e-03  
       79 -1.264334064804490e-02  
       80  3.235534663641697e-02  
       81 -4.645309338190642e-02  
       82  5.274215313348646e-02  
       83 -5.033546119095690e-02  
       84  3.977486401004995e-02  
       85 -2.291863230645591e-02  
       86  2.617138137525179e-03  
       87  1.776712387938554e-02  
       88 -3.491467464530632e-02  
       89  4.608798253145551e-02  
       90 -4.956694697474641e-02  
       91  4.491189813382857e-02  
       92 -3.301419095558675e-02  
       93  1.592959924419133e-02  
       94  3.474936420462792e-03  
       95 -2.200082192267996e-02  
       96  3.664363966390852e-02  
       97 -4.507907889451462e-02  
       98  4.603057822354773e-02  
       99 -3.946073409236424e-02  
      100  2.655807235715645e-02  
      101 -9.524488298414496e-03  
      102 -8.799005570470470e-03  
      103  2.540485773655482e-02  
      104 -3.761147848453490e-02  
      105  4.349519713392229e-02  
      106 -4.219226489362561e-02  
      107  3.402367495658292e-02  
      108 -2.042511051895248e-02  
      109  3.696315231782783e-03  
      110  1.338662925932573e-02  
      111 -2.803094631444019e-02  
      112  3.788279117238779e-02  
      113 -4.140467930263658e-02  
      114  3.811434230164296e-02  
      115 -2.864808062518701e-02  
      116  1.464080698302132e-02  
      117  1.555042718525677e-03  
      118 -1.726360755821069e-02  
      119  2.992684546380879e-02  
      120 -3.752030100635612e-02  
      121  3.887594736607920e-02  
      122 -3.386074708417294e-02  
      123  2.338381945867165e-02  
      124 -9.233431226595172e-03  
      125 -6.227232240953128e-03  
      126  2.045392004171233e-02  
      127 -3.113928424078343e-02  
      128  3.658641598305375e-02  
      129 -3.597758607239609e-02  
      130  2.949574896118854e-02  
      131 -1.828097448608742e-02  
      132  4.231156872333366e-03  
      133  1.031835434132739e-02  
      134 -2.298225411855508e-02  
      135  3.171572551048541e-02  
      136 -3.514401488853360e-02  
      137  3.277811499313495e-02  
      138 -2.508283577343114e-02  
      139  1.338809923084804e-02  
      140  3.399749099108475e-04  
      141 -1.382893780465104e-02  
      142  2.487559955912729e-02  
      143 -3.170535320229528e-02  
      144  3.325671646551840e-02  
      145 -2.934555520533661e-02  
      146  2.068370750667621e-02  
      147 -8.750853280204951e-03  
      148 -4.457521176160683e-03  
      149  1.676325186223144e-02  
      150 -2.616419825855264e-02  
      151  3.115952579383370e-02  
      152 -3.098879666812022e-02  
      153  2.574686415239519e-02  
      154 -1.635736106602384e-02  
      155  4.410920250904908e-03  
      156  8.103686192957290e-03  
      157 -1.913014082337115e-02  
      158  2.688203171444459e-02  
      159 -3.013185234049727e-02  
      160  2.840486467033057e-02  
      161 -2.204729264573155e-02  
      162  1.215926110120793e-02  
      163 -4.051512715443527e-04  
      164 -1.126604952830283e-02  
      165  2.094349822611131e-02  
      166 -2.706696670934620e-02  
      167  2.867799711549793e-02  
      168 -2.556937555257582e-02  
      169  1.830970528458602e-02  
      170 -8.140598919618052e-03  
      171 -3.235100075529575e-03  
      172  1.393803545722768e-02  
      173 -2.222245964728392e-02  
      174  2.676064261204185e-02  
      175 -2.685528833163917e-02  
      176  2.254603708253056e-02  
      177 -1.459389688750357e-02  
      178  4.347644516516098e-03  
      179  6.484472528131358e-03  
      180 -1.611916609846194e-02  
      181  2.299137021854197e-02  
      182 -2.600816097106632e-02  
      183  2.472218720860035e-02  
      184 -1.939715464769302e-02  
      185  1.095593124550054e-02  
      186 -8.211976358367545e-04  
      187 -9.323935680763699e-03  
      188  1.781512901738335e-02  
      189 -2.327956879781286e-02  
      190  2.485762379455126e-02  
      191 -2.233766119887792e-02  
      192  1.618294930993187e-02  
      193 -7.447523684393892e-03  
      194 -2.403856567091823e-03  
      195  1.174098261503734e-02  
      196 -1.903768319006853e-02  
      197  2.312102204006953e-02  
      198 -2.335955772004223e-02  
      199  1.976049681190554e-02  
      200  0.000000000000000e+00  
        1  4.865000000000000e-01  6.151703016238674e-01 
        0  0.000000000000000e+00  
        1  0.000000000000000e+00  
        2 -7.832595543991359e-02  
        3  0.000000000000000e+00  
        4 -5.403555611601213e-02  
        5  0.000000000000000e+00  
        6  2.494773502732310e-02  
        7  0.000000000000000e+00  
        8  5.303189746154031e-02  
        9  0.000000000000000e+00  
       10  5.410472539156834e-03  
       11  0.000000000000000e+00  
       12 -4.179446476111843e-02  
       13  0.000000000000000e+00  
       14 -2.473480773042479e-02  
       15  0.000000000000000e+00  
       16  2.473788540530845e-02  
       17  0.000000000000000e+00  
       18  3.396697590042644e-02  
       19  0.000000000000000e+00  
       20 -5.843524356245651e-03  
       21  0.000000000000000e+00  
       22 -3.373630761995221e-02  
       23  0.000000000000000e+00  
       24 -1.104745744059039e-02  
       25  0.000000000000000e+00  
       26  2.576399294322652e-02  
       27  0.000000000000000e+00  
       28  2.283399002035017e-02  
       29  0.000000000000000e+00  
       30 -1.287961259797688e-02  
       31  0.000000000000000e+00  
       32 -2.770677520986506e-02  
       33  0.000000000000000e+00  
       34 -1.465275612089620e-03  
       35  0.000000000000000e+00  
       36  2.543627051013114e-02  
       37  0.000000000000000e+00  
       38  1.388558534383026e-02  
       39  0.000000000000000e+00  
       40 -1.732047434257715e-02  
       41  0.000000000000000e+00  
       42 -2.174256269828015e-02  
       43  0.000000000000000e+00  
       44  5.808725206689272e-03  
       45  0.000000000000000e+00  
       46  2.364611635282868e-02  
       47  0.000000000000000e+00  
       48  6.106078149006103e-03  
       49  0.000000000000000e+00  
       50 -1.966672869333801e-02  
       51  0.000000000000000e+00  
       52 -1.558377293703080e-02  
       53  0.000000000000000e+00  
       54  1.121736647494751e-02  
       55  0.000000000000000e+00  
       56  2.056277341043890e-02  
       57  0.000000000000000e+00  
       58 -6.436550335112213e-04  
       59  0.000000000000000e+00  
       60 -2.017763047343522e-02  
       61  0.000000000000000e+00  
       62 -9.373564891963199e-03  
       63  0.000000000000000e+00  
       64  1.488270911750627e-02  
       65  0.000000000000000e+00  
       66  1.645964278193735e-02  
       67  0.000000000000000e+00  
       68 -6.266744200252208e-03  
       69  0.000000000000000e+00  
       70 -1.908283114172158e-02  
       71  0.000000000000000e+00  
       72 -3.385291546081812e-03  
       73  0.000000000000000e+00  
       74  1.686729086842360e-02  
       75  0.000000000000000e+00  
       76  1.167029468539305e-02  
       77  0.000000000000000e+00  
       78 -1.061972463976106e-02  
       79  0.000000000000000e+00  
       80 -1.664420009719590e-02  
       81  0.000000000000000e+00  
       82  2.076075324071276e-03  
       83  0.000000000000000e+00  
       84  1.726294905500877e-02  
       85  0.000000000000000e+00  
       86  6.559996225549818e-03  
       87  0.000000000000000e+00  
       88 -1.358916093914126e-02  
       89  0.000000000000000e+00  
       90 -1.316891620760632e-02  
       91  0.000000000000000e+00  
       92  6.725399521968298e-03  
       93  0.000000000000000e+00  
       94  1.622249919446058e-02  
       95  0.000000000000000e+00  
       96  1.498858364590430e-03  
       97  0.000000000000000e+00  
       98 -1.512757449733823e-02  
       99  0.000000000000000e+00  
      100 -9.001896915516288e-03  
      101  0.000000000000000e+00  
      102  1.033015087478254e-02  
      103  0.000000000000000e+00  
      104  1.396594812984053e-02  
      105  0.000000000000000e+00  
      106 -3.164319957386973e-03  
      107  0.000000000000000e+00  
      108 -1.526913387378144e-02  
      109  0.000000000000000e+00  
      110 -4.508124820779331e-03  
      111  0.000000000000000e+00  
      112  1.273206389646021e-02  
      113  0.000000000000000e+00  
      114  1.077263996555307e-02  
      115  0.000000000000000e+00  
      116 -7.126115583725847e-03  
      117  0.000000000000000e+00  
      118 -1.413233762518012e-02  
      119  0.000000000000000e+00  
      120 -5.024189832619632e-05  
      121  0.000000000000000e+00  
      122  1.385980204040633e-02  
      123  0.000000000000000e+00  
      124  6.964779049721058e-03  
      125  0.000000000000000e+00  
      126 -1.014873461935507e-02  
      127  0.000000000000000e+00  
      128 -1.191304780873820e-02  
      129  0.000000000000000e+00  
      130  4.035061294385856e-03  
      131  0.000000000000000e+00  
      132  1.373331282090472e-02  
      133  0.000000000000000e+00  
      134  2.885822488289154e-03  
      135  0.000000000000000e+00  
      136 -1.207495221220789e-02  
      137  0.000000000000000e+00  
      138 -8.870118542466460e-03  
      139  0.000000000000000e+00  
      140  7.459177322006272e-03  
      141  0.000000000000000e+00  
      142  1.246038758416099e-02  
      143  0.000000000000000e+00  
      144 -1.123476770419582e-03  
      145  0.000000000000000e+00  
      146 -1.283665993434181e-02  
      147  0.000000000000000e+00  
      148 -5.305637350470227e-03  
      149  0.000000000000000e+00  
      150  1.000011288815237e-02  
      151  0.000000000000000e+00  
      152  1.022619634856269e-02  
      153  0.000000000000000e+00  
      154 -4.748940727625872e-03  
      155  0.000000000000000e+00  
      156 -1.245646761609722e-02  
      157  0.000000000000000e+00  
      158 -1.541828516783198e-03  
      159  0.000000000000000e+00  
      160  1.151581577161358e-02  
      161  0.000000000000000e+00  
      162  7.276946136998567e-03  
      163  0.000000000000000e+00  
      164 -7.724603758117720e-03  
      165  0.000000000000000e+00  
      166 -1.104237111698750e-02  
      167  0.000000000000000e+00  
      168  2.103284716082457e-03  
      169  0.000000000000000e+00  
      170  1.195123780390452e-02  
      171  0.000000000000000e+00  
      172  3.899172826837360e-03  
      173  0.000000000000000e+00  
      174 -9.850310932562998e-03  
      175  0.000000000000000e+00  
      176 -8.776050902302148e-03  
      177  0.000000000000000e+00  
      178  5.339398823835903e-03  
      179  0.000000000000000e+00  
      180  1.133864661734200e-02  
      181  0.000000000000000e+00  
      182  3.964494043927702e-04  
      183  0.000000000000000e+00  
      184 -1.100389559345759e-02  
      185  0.000000000000000e+00  
      186 -5.895863334486395e-03  
      187  0.000000000000000e+00  
      188  7.924728159472889e-03  
      189  0.000000000000000e+00  
      190  9.791276239380725e-03  
      191  0.000000000000000e+00  
      192 -2.934562229907837e-03  
      193  0.000000000000000e+00  
      194 -1.114705254692697e-02  
      195  0.000000000000000e+00  
      196 -2.675988274596033e-03  
      197  0.000000000000000e+00  
      198  9.682467586097334e-03  
      199  0.000000000000000e+00  
      200  0.000000000000000e+00  
        2 -7.438406032477348e-01  1.757638730501819e+00 
        0  0.000000000000000e+00  
        1  0.000000000000000e+00  
        2 -3.358172048275049e-03  
        3 -7.052123997924379e-03  
        4 -1.015671873886350e-02  
        5 -1.251163286761729e-02  
        6 -1.416403870432697e-02  
        7 -1.518053980216444e-02  
        8 -1.560733516790842e-02  
        9 -1.547678122453183e-02  
       10 -1.482114543891567e-02  
       11 -1.368217771495280e-02  
       12 -1.211532990042446e-02  
       13 -1.019012635299078e-02  
       14 -7.988260107786575e-03  
       15 -5.600478609149413e-03  
       16 -3.122879223670578e-03  
       17 -6.529712664487054e-04  
       18  1.714266553428888e-03  
       19  3.890158901343610e-03  
       20  5.795786697381528e-03  
       21  7.364986635032135e-03  
       22  8.546782353571761e-03  
       23  9.307155343567438e-03  
       24  9.630091077574581e-03  
       25  9.517866334270392e-03  
       26  8.990575666507921e-03  
       27  8.084926900332971e-03  
       28  6.852365984829504e-03  
       29  5.356619112896861e-03  
       30  3.670763630823145e-03  
       31  1.873957871844031e-03  
       32  4.797293271975476e-05  
       33 -1.726323937474806e-03  
       34 -3.372384478977046e-03  
       35 -4.821149458281468e-03  
       36 -6.013842270676686e-03  
       37 -6.904272579995437e-03  
       38 -7.460558944861423e-03  
       39 -7.666205519753428e-03  
       40 -7.520496554906220e-03  
       41 -7.038202288697737e-03  
       42 -6.248619624651262e-03  
       43 -5.193999422206409e-03  
       44 -3.927438086543951e-03  
       45 -2.510333321989343e-03  
       46 -1.009521490122991e-03  
       47  5.057737287928064e-04  
       48  1.967045211760423e-03  
       49  3.309522203101013e-03  
       50  4.474974982965941e-03  
       51  5.414184511791698e-03  
       52  6.088973475585232e-03  
       53  6.473715808455701e-03  
       54  6.556265811190451e-03  
       55  6.338274325007132e-03  
       56  5.834886874688206e-03  
       57  5.073846044492858e-03  
       58  4.094046389620123e-03  
       59  2.943613781286935e-03  
       60  1.677601219481843e-03  
       61  3.554089717988242e-04  
       62 -9.619522438681497e-04  
       63 -2.214630847748009e-03  
       64 -3.346612681766497e-03  
       65 -4.308189532856620e-03  
       66 -5.058110264012544e-03  
       67 -5.565322410838020e-03  
       68 -5.810231518834404e-03  
       69 -5.785427935969193e-03  
       70 -5.495855204641780e-03  
       71 -4.958419506957972e-03  
       72 -4.201064668777221e-03  
       73 -3.261360905423955e-03  
       74 -2.184676751501772e-03  
       75 -1.022021533204653e-03  
       76  1.723404535216944e-04  
       77  1.343393777888289e-03  
       78  2.437879371686641e-03  
       79  3.406692449028832e-03  
       80  4.207063796676186e-03  
       81  4.804428321431626e-03  
       82  5.173899890664747e-03  
       83  5.301290140706863e-03  
       84  5.183630183312681e-03  
       85  4.829177030840334e-03  
       86  4.256910039978922e-03  
       87  3.495545678560853e-03  
       88  2.582120418056205e-03  
       89  1.560210590739179e-03  
       90  4.778737896888725e-04  
       91 -6.145918477595637e-04  
       92 -1.666966840927722e-03  
       93 -2.631401886335341e-03  
       94 -3.464577830453470e-03  
       95 -4.129637206622361e-03  
       96 -4.597801751512058e-03  
       97 -4.849605393704520e-03  
       98 -4.875690341817273e-03  
       99 -4.677134243781172e-03  
      100 -4.265298001393862e-03  
      101 -3.661205714599916e-03  
      102 -2.894489403330799e-03  
      103 -2.001950657162901e-03  
      104 -1.025808324113681e-03  
      105 -1.171502152689078e-05  
      106  9.933649586222899e-04  
      107  1.943318282482398e-03  
      108  2.794986690429714e-03  
      109  3.510117070136997e-03  
      110  4.057069806558790e-03  
      111  4.412209501122404e-03  
      112  4.560917283518787e-03  
      113  4.498181713976363e-03  
      114  4.228744861834498e-03  
      115  3.766800641664877e-03  
      116  3.135262950884125e-03  
      117  2.364640651208880e-03  
      118  1.491574089831775e-03  
      119  5.571028748622645e-04  
      120 -3.952536607311930e-04  
      121 -1.321513960672055e-03  
      122 -2.179256594327997e-03  
      123 -2.929554843315107e-03  
      124 -3.538735649466945e-03  
      125 -3.979883759015146e-03  
      126 -4.234024159669700e-03  
      127 -4.290931134068355e-03  
      128 -4.149529728009787e-03  
      129 -3.817874340782171e-03  
      130 -3.312708613883161e-03  
      131 -2.658629930227328e-03  
      132 -1.886899766736585e-03  
      133 -1.033957058258697e-03  
      134 -1.397049169448591e-04  
      135  7.543490750628007e-04  
      136  1.607012648856532e-03  
      137  2.379300219528208e-03  
      138  3.036209284116462e-03  
      139  3.548301164028913e-03  
      140  3.893014940808893e-03  
      141  4.055656158844863e-03  
      142  4.030017182785737e-03  
      143  3.818603282870677e-03  
      144  3.432456779060315e-03  
      145  2.890590061864358e-03  
      146  2.219056176144380e-03  
      147  1.449702089724269e-03  
      148  6.186640279218697e-04  
      149 -2.353243009979025e-04  
      150 -1.072731642173636e-03  
      151 -1.855053895342586e-03  
      152 -2.546579587462192e-03  
      153 -3.116015383173272e-03  
      154 -3.537897842085891e-03  
      155 -3.793727915990205e-03  
      156 -3.872777812605127e-03  
      157 -3.772535215657365e-03  
      158 -3.498766725793348e-03  
      159 -3.065199989978019e-03  
      160 -2.492841506836793e-03  
      161 -1.808963728708940e-03  
      162 -1.045810070252630e-03  
      163 -2.390791003687345e-04  
      164  5.737410284676357e-04  
      165  1.355110403306514e-03  
      166  2.069167058092466e-03  
      167  2.683369047410960e-03  
      168  3.169973866711780e-03  
      169  3.507288117286619e-03  
      170  3.680631269468330e-03  
      171  3.682970849361495e-03  
      172  3.515201729982279e-03  
      173  3.186058731140929e-03  
      174  2.711668658282405e-03  
      175  2.114764459114120e-03  
      176  1.423599590114287e-03  
      177  6.706142611296058e-04  
      178 -1.090836483809150e-04  
      179 -8.793520310689257e-04  
      180 -1.604686512342513e-03  
      181 -2.251853736195087e-03  
      182 -2.791410985030013e-03  
      183 -3.199042781749046e-03  
      184 -3.456653921137452e-03  
      185 -3.553169914377048e-03  
      186 -3.485009560483728e-03  
      187 -3.256209638802683e-03  
      188 -2.878197836703323e-03  
      189 -2.369226240686433e-03  
      190 -1.753493281153251e-03  
      191 -1.059996218788420e-03  
      192 -3.211684479210913e-04  
      193  4.286344809116441e-04  
      194  1.154729580433108e-03  
      195  1.823707993258058e-03  
      196  2.404969572988093e-03  
      197  2.872120107486054e-03  
      198  3.204167494497012e-03  
      199  3.386462760768336e-03  
      200  0.000000000000000e+00  
        3  1.716840603247735e+00  1.757638730501819e+00 
        0  0.000000000000000e+00  
        1  0.000000000000000e+00  
        2 -3.358172048275049e-03  
        3  7.052123997924379e-03  
        4 -1.015671873886350e-02  
        5  1.251163286761729e-02  
        6 -1.416403870432697e-02  
        7  1.518053980216444e-02  
        8 -1.560733516790842e-02  
        9  1.547678122453183e-02  
       10 -1.482114543891567e-02  
       11  1.368217771495280e-02  
       12 -1.211532990042446e-02  
       13  1.019012635299078e-02  
       14 -7.988260107786575e-03  
       15  5.600478609149413e-03  
       16 -3.122879223670578e-03  
       17  6.529712664487054e-04  
       18  1.714266553428888e-03  
       19 -3.890158901343610e-03  
       20  5.795786697381528e-03  
       21 -7.364986635032135e-03  
       22  8.546782353571761e-03  
       23 -9.307155343567438e-03  
       24  9.630091077574581e-03  
       25 -9.517866334270392e-03  
       26  8.990575666507921e-03  
       27 -8.084926900332971e-03  
       28  6.852365984829504e-03  
       29 -5.356619112896861e-03  
       30  3.670763630823145e-03  
       31 -1.873957871844031e-03  
       32  4.797293271975476e-05  
       33  1.726323937474806e-03  
       34 -3.372384478977046e-03  
       35  4.821149458281468e-03  
       36 -6.013842270676686e-03  
       37  6.904272579995437e-03  
       38 -7.460558944861423e-03  
       39  7.666205519753428e-03  
       40 -7.520496554906220e-03  
       41  7.038202288697737e-03  
       42 -6.248619624651262e-03  
       43  5.193999422206409e-03  
       44 -3.927438086543951e-03  
       45  2.510333321989343e-03  
       46 -1.009521490122991e-03  
       47 -5.057737287928064e-04  
       48  1.967045211760423e-03  
       49 -3.309522203101013e-03  
       50  4.474974982965941e-03  
       51 -5.414184511791698e-03  
       52  6.088973475585232e-03  
       53 -6.473715808455701e-03  
       54  6.556265811190451e-03  
       55 -6.338274325007132e-03  
       56  5.834886874688206e-03  
       57 -5.073846044492858e-03  
       58  4.094046389620123e-03  
       59 -2.943613781286935e-03  
       60  1.677601219481843e-03  
       61 -3.554089717988242e-04  
       62 -9.619522438681497e-04  
       63  2.214630847748009e-03  
       64 -3.346612681766497e-03  
       65  4.308189532856620e-03  
       66 -5.058110264012544e-03  
       67  5.565322410838020e-03  
       68 -5.810231518834404e-03  
       69  5.785427935969193e-03  
       70 -5.495855204641780e-03  
       71  4.958419506957972e-03  
       72 -4.201064668777221e-03  
       73  3.261360905423955e-03  
       74 -2.184676751501772e-03  
       75  1.022021533204653e-03  
       76  1.723404535216944e-04  
       77 -1.343393777888289e-03  
       78  2.437879371686641e-03  
       79 -3.406692449028832e-03  
       80  4.207063796676186e-03  
       81 -4.804428321431626e-03  
       82  5.173899890664747e-03  
       83 -5.301290140706863e-03  
       84  5.183630183312681e-03  
       85 -4.829177030840334e-03  
       86  4.256910039978922e-03  
       87 -3.495545678560853e-03  
       88  2.582120418056205e-03  
       89 -1.560210590739179e-03  
       90  4.778737896888725e-04  
       91  6.145918477595637e-04  
       92 -1.666966840927722e-03  
       93  2.631401886335341e-03  
       94 -3.464577830453470e-03  
       95  4.129637206622361e-03  
       96 -4.597801751512058e-03  
       97  4.849605393704520e-03  
       98 -4.875690341817273e-03  
       99  4.677134243781172e-03  
      100 -4.265298001393862e-03  
      101  3.661205714599916e-03  
      102 -2.894489403330799e-03  
      103  2.001950657162901e-03  
      104 -1.025808324113681e-03  
      105  1.171502152689078e-05  
      106  9.933649586222899e-04  
      107 -1.943318282482398e-03  
      108  2.794986690429714e-03  
      109 -3.510117070136997e-03  
      110  4.057069806558790e-03  
      111 -4.412209501122404e-03  
      112  4.560917283518787e-03  
      113 -4.498181713976363e-03  
      114  4.228744861834498e-03  
      115 -3.766800641664877e-03  
      116  3.135262950884125e-03  
      117 -2.364640651208880e-03  
      118  1.491574089831775e-03  
      119 -5.571028748622645e-04  
      120 -3.952536607311930e-04  
      121  1.321513960672055e-03  
      122 -2.179256594327997e-03  
      123  2.929554843315107e-03  
      124 -3.538735649466945e-03  
      125  3.979883759015146e-03  
      126 -4.234024159669700e-03  
      127  4.290931134068355e-03  
      128 -4.149529728009787e-03  
      129  3.817874340782171e-03  
      130 -3.312708613883161e-03  
      131  2.658629930227328e-03  
      132 -1.886899766736585e-03  
      133  1.033957058258697e-03  
      134 -1.397049169448591e-04  
      135 -7.543490750628007e-04  
      136  1.607012648856532e-03  
      137 -2.379300219528208e-03  
      138  3.036209284116462e-03  
      139 -3.548301164028913e-03  
      140  3.893014940808893e-03  
      141 -4.055656158844863e-03  
      142  4.030017182785737e-03  
      143 -3.818603282870677e-03  
      144  3.432456779060315e-03  
      145 -2.890590061864358e-03  
      146  2.219056176144380e-03  
      147 -1.449702089724269e-03  
      148  6.186640279218697e-04  
      149  2.353243009979025e-04  
      150 -1.072731642173636e-03  
      151  1.855053895342586e-03  
      152 -2.546579587462192e-03  
      153  3.116015383173272e-03  
      154 -3.537897842085891e-03  
      155  3.793727915990205e-03  
      156 -3.872777812605127e-03  
      157  3.772535215657365e-03  
      158 -3.498766725793348e-03  
      159  3.065199989978019e-03  
      160 -2.492841506836793e-03  
      161  1.808963728708940e-03  
      162 -1.045810070252630e-03  
      163  2.390791003687345e-04  
      164  5.737410284676357e-04  
      165 -1.355110403306514e-03  
      166  2.069167058092466e-03  
      167 -2.683369047410960e-03  
      168  3.169973866711780e-03  
      169 -3.507288117286619e-03  
      170  3.680631269468330e-03  
      171 -3.682970849361495e-03  
      172  3.515201729982279e-03  
      173 -3.186058731140929e-03  
      174  2.711668658282405e-03  
      175 -2.114764459114120e-03  
      176  1.423599590114287e-03  
      177 -6.706142611296058e-04  
      178 -1.090836483809150e-04  
      179  8.793520310689257e-04  
      180 -1.604686512342513e-03  
      181  2.251853736195087e-03  
      182 -2.791410985030013e-03  
      183  3.199042781749046e-03  
      184 -3.456653921137452e-03  
      185  3.553169914377048e-03  
      186 -3.485009560483728e-03  
      187  3.256209638802683e-03  
      188 -2.878197836703323e-03  
      189  2.369226240686433e-03  
      190 -1.753493281153251e-03  
      191  1.059996218788420e-03  
      192 -3.211684479210913e-04  
      193 -4.286344809116441e-04  
      194  1.154729580433108e-03  
      195 -1.823707993258058e-03  
      196  2.404969572988093e-03  
      197 -2.872120107486054e-03  
      198  3.204167494497012e-03  
      199 -3.386462760768336e-03  
      200  0.000000000000000e+00  
        1  1.850000000000000e-01  4.200350104455580e-01 
        0  0.000000000000000e+00  
        1  0.000000000000000e+00  
        2 -9.388579498053065e-02  
        3  0.000000000000000e+00  
        4  7.690411908302905e-02  
        5  0.000000000000000e+00  
        6 -1.467675262712527e-02  
        7  0.000000000000000e+00  
        8 -4.240816425585425e-02  
        9  0.000000000000000e+00  
       10  5.851548121637934e-02  
       11  0.000000000000000e+00  
       12 -3.019575525232649e-02  
       13  0.000000000000000e+00  
       14 -1.593976690489608e-02  
       15  0.000000000000000e+00  
       16  4.472263698713454e-02  
       17  0.000000000000000e+00  
       18 -3.748219576105000e-02  
       19  0.000000000000000e+00  
       20  3.299549362626119e-03  
       21  0.000000000000000e+00  
       22  3.020166405575670e-02  
       23  0.000000000000000e+00  
       24 -3.840171625664248e-02  
       25  0.000000000000000e+00  
       26  1.728664437633376e-02  
       27  0.000000000000000e+00  
       28  1.523737210223493e-02  
       29  0.000000000000000e+00  
       30 -3.411089445403840e-02  
       31  0.000000000000000e+00  
       32  2.612055429157510e-02  
       33  0.000000000000000e+00  
       34  1.068624673525976e-03  
       35  0.000000000000000e+00  
       36 -2.589417695138120e-02  
       37  0.000000000000000e+00  
       38  2.979706977465298e-02  
       39  0.000000000000000e+00  
       40 -1.094639185768428e-02  
       41  0.000000000000000e+00  
       42 -1.526504618896636e-02  
       43  0.000000000000000e+00  
       44  2.865457948387635e-02  
       45  0.000000000000000e+00  
       46 -1.967799708161417e-02  
       47  0.000000000000000e+00  
       48 -3.861138434613644e-03  
       49  0.000000000000000e+00  
       50  2.347315799382314e-02  
       51  0.000000000000000e+00  
       52 -2.442204957315802e-02  
       53  0.000000000000000e+00  
       54  6.730649241516862e-03  
       55  0.000000000000000e+00  
       56  1.542120916574081e-02  
       57  0.000000000000000e+00  
       58 -2.499923170296754e-02  
       59  0.000000000000000e+00  
       60  1.515900780539851e-02  
       61  0.000000000000000e+00  
       62  5.916716769880856e-03  
       63  0.000000000000000e+00  
       64 -2.176689679466067e-02  
       65  0.000000000000000e+00  
       66  2.046488686617793e-02  
       67  0.000000000000000e+00  
       68 -3.555940664754537e-03  
       69  0.000000000000000e+00  
       70 -1.555167172057233e-02  
       71  0.000000000000000e+00  
       72  2.218392114446972e-02  
       73  0.000000000000000e+00  
       74 -1.163897107718252e-02  
       75  0.000000000000000e+00  
       76 -7.517519268123277e-03  
       77  0.000000000000000e+00  
       78  2.037961825777184e-02  
       79  0.000000000000000e+00  
       80 -1.727311766609337e-02  
       81  0.000000000000000e+00  
       82  1.008917428612250e-03  
       83  0.000000000000000e+00  
       84  1.560371010667768e-02  
       85  0.000000000000000e+00  
       86 -1.982337305277571e-02  
       87  0.000000000000000e+00  
       88  8.729071465000493e-03  
       89  0.000000000000000e+00  
       90  8.791086818805556e-03  
       91  0.000000000000000e+00  
       92 -1.914138983257315e-02  
       93  0.000000000000000e+00  
       94  1.455147086899446e-02  
       95  0.000000000000000e+00  
       96  1.106131955561639e-03  
       97  0.000000000000000e+00  
       98 -1.555748524978310e-02  
       99  0.000000000000000e+00  
      100  1.773384714686118e-02  
      101  0.000000000000000e+00  
      102 -6.236124420630016e-03  
      103  0.000000000000000e+00  
      104 -9.805672692931396e-03  
      105  0.000000000000000e+00  
      106  1.796932489278722e-02  
      107  0.000000000000000e+00  
      108 -1.214765294748655e-02  
      109  0.000000000000000e+00  
      110 -2.894805889751584e-03  
      111  0.000000000000000e+00  
      112  1.540639834881083e-02  
      113  0.000000000000000e+00  
      114 -1.581847172519473e-02  
      115  0.000000000000000e+00  
      116  4.053648888073275e-03  
      117  0.000000000000000e+00  
      118  1.060234660013987e-02  
      119  0.000000000000000e+00  
      120 -1.682036157122713e-02  
      121  0.000000000000000e+00  
      122  9.976499906052393e-03  
      123  0.000000000000000e+00  
      124  4.419435838504984e-03  
      125  0.000000000000000e+00  
      126 -1.515008889260158e-02  
      127  0.000000000000000e+00  
      128  1.402321811339785e-02  
      129  0.000000000000000e+00  
      130 -2.118708293720426e-03  
      131  0.000000000000000e+00  
      132 -1.120825237874077e-02  
      133  0.000000000000000e+00  
      134  1.567193364049056e-02  
      135  0.000000000000000e+00  
      136 -7.987938712600923e-03  
      137  0.000000000000000e+00  
      138 -5.719438344226363e-03  
      139  0.000000000000000e+00  
      140  1.479153853352676e-02  
      141  0.000000000000000e+00  
      142 -1.231727219206154e-02  
      143  0.000000000000000e+00  
      144  3.921929690188324e-04  
      145  0.000000000000000e+00  
      146  1.164287623901802e-02  
      147  0.000000000000000e+00  
      148 -1.451296868203898e-02  
      149  0.000000000000000e+00  
      150  6.151680107280177e-03  
      151  0.000000000000000e+00  
      152  6.821256105322603e-03  
      153  0.000000000000000e+00  
      154 -1.433572800527321e-02  
      155  0.000000000000000e+00  
      156  1.068328200696173e-02  
      157  0.000000000000000e+00  
      158  1.151165948715074e-03  
      159  0.000000000000000e+00  
      160 -1.192130790682185e-02  
      161  0.000000000000000e+00  
      162  1.333926684622075e-02  
      163  0.000000000000000e+00  
      164 -4.449201173440072e-03  
      165  0.000000000000000e+00  
      166 -7.743652942246936e-03  
      167  0.000000000000000e+00  
      168  1.378894863895669e-02  
      169  0.000000000000000e+00  
      170 -9.112091066811937e-03  
      171  0.000000000000000e+00  
      172 -2.528266369731608e-03  
      173  0.000000000000000e+00  
      174  1.205605904235466e-02  
      175  0.000000000000000e+00  
      176 -1.215093544617952e-02  
      177  0.000000000000000e+00  
      178  2.869233556842952e-03  
      179  0.000000000000000e+00  
      180  8.500726497271908e-03  
      181  0.000000000000000e+00  
      182 -1.315841267912139e-02  
      183  0.000000000000000e+00  
      184  7.599696668467493e-03  
      185  0.000000000000000e+00  
      186  3.750821332684129e-03  
      187  0.000000000000000e+00  
      188 -1.205812868241673e-02  
      189  0.000000000000000e+00  
      190  1.095086743514817e-02  
      191  0.000000000000000e+00  
      192 -1.405073248108863e-03  
      193  0.000000000000000e+00  
      194 -9.103711759870533e-03  
      195  0.000000000000000e+00  
      196  1.245200842266011e-02  
      197  0.000000000000000e+00  
      198 -6.145392193832842e-03  
      199  0.000000000000000e+00  
      200  0.000000000000000e+00  
        2 -6.550700208911160e-01  1.092233014392860e+00 
        0  0.000000000000000e+00  
        1  0.000000000000000e+00  
        2 -5.339621362569635e-03  
        3 -1.232060129247593e-02  
        4 -1.830546165635068e-02  
        5 -2.180712715704674e-02  
        6 -2.230718564803214e-02  
        7 -1.997833091152104e-02  
        8 -1.541557963677011e-02  
        9 -9.421560839216483e-03  
       10 -2.852919915466416e-03  
       11  3.483371024294054e-03  
       12  8.899082271365428e-03  
       13  1.287100580034195e-02  
       14  1.507057354458190e-02  
       15  1.537821293499233e-02  
       16  1.388141010759280e-02  
       17  1.085534121326543e-02  
       18  6.726456908924489e-03  
       19  2.021669612553433e-03  
       20 -2.692004777688699e-03  
       21 -6.870927105345054e-03  
       22 -1.005437561267170e-02  
       23 -1.191345339116339e-02  
       24 -1.228393880169333e-02  
       25 -1.117960606283993e-02  
       26 -8.784889364372923e-03  
       27 -5.428196439671112e-03  
       28 -1.539400160867802e-03  
       29  2.403205782736577e-03  
       30  5.930099616360496e-03  
       31  8.635149727991892e-03  
       32  1.022138643876377e-02  
       33  1.053282300420754e-02  
       34  9.568956316186868e-03  
       35  7.480667722631643e-03  
       36  4.548440522127399e-03  
       37  1.145855989999314e-03  
       38 -2.307011027653903e-03  
       39 -5.394589377702659e-03  
       40 -7.755096972036369e-03  
       41 -9.122335979505368e-03  
       42 -9.355218641791802e-03  
       43 -8.451787170694582e-03  
       44 -6.546386554461884e-03  
       45 -3.890667909542127e-03  
       46 -8.210020984671219e-04  
       47  2.283553897624756e-03  
       48  5.047550939466722e-03  
       49  7.144103997715409e-03  
       50  8.333173159120985e-03  
       51  8.488721969344160e-03  
       52  7.611709737131635e-03  
       53  5.827617255581522e-03  
       54  3.369074391390503e-03  
       55  5.459287027348623e-04  
       56 -2.293442753641145e-03  
       57 -4.804790684203494e-03  
       58 -6.689434336402936e-03  
       59 -7.729528873806150e-03  
       60 -7.813020882048978e-03  
       61 -6.945455273358028e-03  
       62 -5.247419088073640e-03  
       63 -2.938151576164767e-03  
       64 -3.075048207104660e-04  
       65  2.320192093367893e-03  
       66  4.625889954419169e-03  
       67  6.334350418724114e-03  
       68  7.246820695725212e-03  
       69  7.263992076693969e-03  
       70  6.396607131718492e-03  
       71  4.762605912815091e-03  
       72  2.571340405597599e-03  
       73  9.694004814757271e-05  
       74 -2.355806596467611e-03  
       75 -4.488829007926500e-03  
       76 -6.046846493681798e-03  
       77 -6.847786315245190e-03  
       78 -6.803938159208318e-03  
       79 -5.931400179425786e-03  
       80 -4.346818264429422e-03  
       81 -2.251969861489195e-03  
       82  9.179174307298180e-05  
       83  2.396013264723733e-03  
       84  4.380517913984762e-03  
       85  5.807358615805871e-03  
       86  6.509246383503774e-03  
       87  6.409068667571132e-03  
       88  5.528230797929795e-03  
       89  3.982934116494837e-03  
       90  1.968977117571572e-03  
       91 -2.629484174330167e-04  
       92 -2.438362564678344e-03  
       93 -4.292656552791657e-03  
       94 -5.603190023571080e-03  
       95 -6.215943061312852e-03  
       96 -6.063541434342633e-03  
       97 -5.172553960946860e-03  
       98 -3.659285376797910e-03  
       99 -1.714693471992341e-03  
      100  4.196257001278558e-04  
      101  2.481374728653618e-03  
      102  4.219714003475341e-03  
      103  5.425709309858502e-03  
      104  5.957380224668882e-03  
      105  5.756353560051102e-03  
      106  4.854175474835402e-03  
      107  3.367611962138033e-03  
      108  1.483613119032581e-03  
      109 -5.641322181787260e-04  
      110 -2.524119403880456e-03  
      111 -4.157856596309881e-03  
      112 -5.268827530578516e-03  
      113 -5.726077824750965e-03  
      114 -5.479599857289897e-03  
      115 -4.565714608452797e-03  
      116 -3.101882527717108e-03  
      117 -1.271667621116870e-03  
      118  6.982281284554375e-04  
      119  2.565993475476477e-03  
      120  4.104340781515128e-03  
      121  5.128117706797123e-03  
      122  5.516548850755140e-03  
      123  5.227440463811722e-03  
      124  4.301682563960467e-03  
      125  2.857578753407683e-03  
      126  1.075777570443424e-03  
      127 -8.232814670010952e-04  
      128 -2.606596784682618e-03  
      129 -4.057150617490225e-03  
      130 -5.000279593942527e-03  
      131 -5.324670250273716e-03  
      132 -4.995459846744610e-03  
      133 -4.057904924391980e-03  
      134 -2.631242062914212e-03  
      135 -8.935643277616032e-04  
      136  9.403734691953711e-04  
      137  2.645659313276628e-03  
      138  4.014771683716492e-03  
      139  4.882800549778768e-03  
      140  5.147280332267454e-03  
      141  4.780253150145381e-03  
      142  3.831145929627347e-03  
      143  2.420176081600815e-03  
      144  7.231583459792780e-04  
      145 -1.050371334843227e-03  
      146 -2.682996850030674e-03  
      147 -3.976044826149419e-03  
      148 -4.773733011906854e-03  
      149 -4.981912267415974e-03  
      150 -4.579150375852404e-03  
      151 -3.618856180451193e-03  
      152 -2.222245266134178e-03  
      153 -5.630679845060958e-04  
      154  1.153979662329367e-03  
      155  2.718483112085841e-03  
      156  3.940068552061986e-03  
      157  4.671544062751268e-03  
      158  4.826612501860548e-03  
      159  4.390027229936714e-03  
      160  3.418998537986451e-03  
      161  2.035734979031803e-03  
      162  4.120874465143673e-04  
      163 -1.251777558729097e-03  
      164 -2.752031726334178e-03  
      165 -3.906132117781619e-03  
      166 -4.575011067883830e-03  
      167 -4.679813888138450e-03  
      168 -4.211172199352118e-03  
      169 -3.229925096224322e-03  
      170 -1.859251995862693e-03  
      171 -2.692307377944065e-04  
      172  1.344245913580708e-03  
      173  2.783584307146576e-03  
      174  3.873668570509115e-03  
      175  4.483147624399538e-03  
      176  4.540245078771536e-03  
      177  4.041191122786298e-03  
      178  3.050288412568935e-03  
      179  1.691652313874533e-03  
      180  1.336833644047443e-04  
      181 -1.431787779519330e-03  
      182 -2.813102407110682e-03  
      183 -3.842221107534794e-03  
      184 -4.395149960352704e-03  
      185 -4.406864551436526e-03  
      186 -3.878937370675736e-03  
      187 -2.878976262434297e-03  
      188 -1.531987820094894e-03  
      189 -4.766389302481733e-06  
      190  1.514743832482820e-03  
      191  2.840561987233313e-03  
      192  3.811418531525211e-03  
      193  4.310357445171845e-03  
      194  4.278811733953751e-03  
      195  3.723459893256751e-03  
      196  2.715062886799775e-03  
      197  1.379466253882958e-03  
      198 -1.180907311454753e-04  
      199 -1.593404260300483e-03  
      200  0.000000000000000e+00  
        3  1.025070020891116e+00  1.092233014392860e+00 
        0  0.000000000000000e+00  
        1  0.000000000000000e+00  
        2 -5.339621362569637e-03  
        3  1.232060129247593e-02  
        4 -1.830546165635068e-02  
        5  2.180712715704674e-02  
        6 -2.230718564803215e-02  
        7  1.997833091152104e-02  
        8 -1.541557963677011e-02  
        9  9.421560839216485e-03  
       10 -2.852919915466416e-03  
       11 -3.483371024294056e-03  
       12  8.899082271365428e-03  
       13 -1.287100580034195e-02  
       14  1.507057354458190e-02  
       15 -1.537821293499233e-02  
       16  1.388141010759280e-02  
       17 -1.085534121326543e-02  
       18  6.726456908924489e-03  
       19 -2.021669612553433e-03  
       20 -2.692004777688699e-03  
       21  6.870927105345054e-03  
       22 -1.005437561267170e-02  
       23  1.191345339116339e-02  
       24 -1.228393880169333e-02  
       25  1.117960606283993e-02  
       26 -8.784889364372923e-03  
       27  5.428196439671112e-03  
       28 -1.539400160867802e-03  
       29 -2.403205782736577e-03  
       30  5.930099616360496e-03  
       31 -8.635149727991892e-03  
       32  1.022138643876377e-02  
       33 -1.053282300420754e-02  
       34  9.568956316186868e-03  
       35 -7.480667722631643e-03  
       36  4.548440522127399e-03  
       37 -1.145855989999314e-03  
       38 -2.307011027653903e-03  
       39  5.394589377702659e-03  
       40 -7.755096972036369e-03  
       41  9.122335979505368e-03  
       42 -9.355218641791802e-03  
       43  8.451787170694582e-03  
       44 -6.546386554461884e-03  
       45  3.890667909542127e-03  
       46 -8.210020984671219e-04  
       47 -2.283553897624756e-03  
       48  5.047550939466722e-03  
       49 -7.144103997715409e-03  
       50  8.333173159120985e-03  
       51 -8.488721969344160e-03  
       52  7.611709737131635e-03  
       53 -5.827617255581522e-03  
       54  3.369074391390503e-03  
       55 -5.459287027348623e-04  
       56 -2.293442753641145e-03  
       57  4.804790684203494e-03  
       58 -6.689434336402936e-03  
       59  7.729528873806150e-03  
       60 -7.813020882048978e-03  
       61  6.945455273358028e-03  
       62 -5.247419088073640e-03  
       63  2.938151576164767e-03  
       64 -3.075048207104660e-04  
       65 -2.320192093367893e-03  
       66  4.625889954419169e-03  
       67 -6.334350418724114e-03  
       68  7.246820695725212e-03  
       69 -7.263992076693969e-03  
       70  6.396607131718492e-03  
       71 -4.762605912815091e-03  
       72  2.571340405597599e-03  
       73 -9.694004814757271e-05  
       74 -2.355806596467611e-03  
       75  4.488829007926500e-03  
       76 -6.046846493681798e-03  
       77  6.847786315245190e-03  
       78 -6.803938159208318e-03  
       79  5.931400179425786e-03  
       80 -4.346818264429422e-03  
       81  2.251969861489195e-03  
       82  9.179174307298180e-05  
       83 -2.396013264723733e-03  
       84  4.380517913984762e-03  
       85 -5.807358615805871e-03  
       86  6.509246383503774e-03  
       87 -6.409068667571132e-03  
       88  5.528230797929795e-03  
       89 -3.982934116494837e-03  
       90  1.968977117571572e-03  
       91  2.629484174330167e-04  
       92 -2.438362564678344e-03  
       93  4.292656552791657e-03  
       94 -5.603190023571080e-03  
       95  6.215943061312852e-03  
       96 -6.063541434342633e-03  
       97  5.172553960946860e-03  
       98 -3.659285376797910e-03  
       99  1.714693471992341e-03  
      100  4.196257001278558e-04  
      101 -2.481374728653618e-03  
      102  4.219714003475341e-03  
      103 -5.425709309858502e-03  
      104  5.957380224668882e-03  
      105 -5.756353560051102e-03  
      106  4.854175474835402e-03  
      107 -3.367611962138033e-03  
      108  1.483613119032581e-03  
      109  5.641322181787260e-04  
      110 -2.524119403880456e-03  
      111  4.157856596309881e-03  
      112 -5.268827530578516e-03  
      113  5.726077824750965e-03  
      114 -5.479599857289897e-03  
      115  4.565714608452797e-03  
      116 -3.101882527717108e-03  
      117  1.271667621116870e-03  
      118  6.982281284554375e-04  
      119 -2.565993475476477e-03  
      120  4.104340781515128e-03  
      121 -5.128117706797123e-03  
      122  5.516548850755140e-03  
      123 -5.227440463811722e-03  
      124  4.301682563960467e-03  
      125 -2.857578753407683e-03  
      126  1.075777570443424e-03  
      127  8.232814670010952e-04  
      128 -2.606596784682618e-03  
      129  4.057150617490225e-03  
      130 -5.000279593942527e-03  
      131  5.324670250273716e-03  
      132 -4.995459846744610e-03  
      133  4.057904924391980e-03  
      134 -2.631242062914212e-03  
      135  8.935643277616032e-04  
      136  9.403734691953711e-04  
      137 -2.645659313276628e-03  
      138  4.014771683716492e-03  
      139 -4.882800549778768e-03  
      140  5.147280332267454e-03  
      141 -4.780253150145381e-03  
      142  3.831145929627347e-03  
      143 -2.420176081600815e-03  
      144  7.231583459792780e-04  
      145  1.050371334843227e-03  
      146 -2.682996850030674e-03  
      147  3.976044826149419e-03  
      148 -4.773733011906854e-03  
      149  4.981912267415974e-03  
      150 -4.579150375852404e-03  
      151  3.618856180451193e-03  
      152 -2.222245266134178e-03  
      153  5.630679845060958e-04  
      154  1.153979662329367e-03  
      155 -2.718483112085841e-03  
      156  3.940068552061986e-03  
      157 -4.671544062751268e-03  
      158  4.826612501860548e-03  
      159 -4.390027229936714e-03  
      160  3.418998537986451e-03  
      161 -2.035734979031803e-03  
      162  4.120874465143673e-04  
      163  1.251777558729097e-03  
      164 -2.752031726334178e-03  
      165  3.906132117781619e-03  
      166 -4.575011067883830e-03  
      167  4.679813888138450e-03  
      168 -4.211172199352118e-03  
      169  3.229925096224322e-03  
      170 -1.859251995862693e-03  
      171  2.692307377944065e-04  
      172  1.344245913580708e-03  
      173 -2.783584307146576e-03  
      174  3.873668570509115e-03  
      175 -4.483147624399538e-03  
      176  4.540245078771536e-03  
      177 -4.041191122786298e-03  
      178  3.050288412568935e-03  
      179 -1.691652313874533e-03  
      180  1.336833644047443e-04  
      181  1.431787779519330e-03  
      182 -2.813102407110682e-03  
      183  3.842221107534794e-03  
      184 -4.395149960352704e-03  
      185  4.406864551436526e-03  
      186 -3.878937370675736e-03  
      187  2.878976262434297e-03  
      188 -1.531987820094894e-03  
      189  4.766389302481733e-06  
      190  1.514743832482820e-03  
      191 -2.840561987233313e-03  
      192  3.811418531525211e-03  
      193 -4.310357445171845e-03  
      194  4.278811733953751e-03  
      195 -3.723459893256751e-03  
      196  2.715062886799775e-03  
      197 -1.379466253882958e-03  
      198 -1.180907311454753e-04  
      199  1.593404260300483e-03  
      200  0.000000000000000e+00  
        1  1.860000000000001e-02  2.265647810230001e-01 
        0  0.000000000000000e+00  
        1  0.000000000000000e+00  
        2  1.096343618810212e+00  
        3  0.000000000000000e+00  
        4 -1.385883079671288e+00  
        5  0.000000000000000e+00  
        6  1.458659609221784e+00  
        7  0.000000000000000e+00  
        8 -1.431089156181942e+00  
        9  0.000000000000000e+00  
       10  1.351265279805032e+00  
       11  0.000000000000000e+00  
       12 -1.243939586643575e+00  
       13  0.000000000000000e+00  
       14  1.123137464590630e+00  
       15  0.000000000000000e+00  
       16 -9.972080743663163e-01  
       17  0.000000000000000e+00  
       18  8.712650484720694e-01  
       19  0.000000000000000e+00  
       20 -7.485005102642645e-01  
       21  0.000000000000000e+00  
       22  6.309377891792168e-01  
       23  0.000000000000000e+00  
       24 -5.198773172113149e-01  
       25  0.000000000000000e+00  
       26  4.161646263689892e-01  
       27  0.000000000000000e+00  
       28 -3.203515003060214e-01  
       29  0.000000000000000e+00  
       30  2.327918115148779e-01  
       31  0.000000000000000e+00  
       32 -1.536972951894605e-01  
       33  0.000000000000000e+00  
       34  8.316899547498692e-02  
       35  0.000000000000000e+00  
       36 -2.121431998182514e-02  
       37  0.000000000000000e+00  
       38 -3.224400101570746e-02  
       39  0.000000000000000e+00  
       40  7.736308216792426e-02  
       41  0.000000000000000e+00  
       42 -1.143767152296248e-01  
       43  0.000000000000000e+00  
       44  1.435923841147407e-01  
       45  0.000000000000000e+00  
       46 -1.653876202672432e-01  
       47  0.000000000000000e+00  
       48  1.802052715399417e-01  
       49  0.000000000000000e+00  
       50 -1.885475266337066e-01  
       51  0.000000000000000e+00  
       52  1.909687092100521e-01  
       53  0.000000000000000e+00  
       54 -1.880669639467538e-01  
       55  0.000000000000000e+00  
       56  1.804750226468854e-01  
       57  0.000000000000000e+00  
       58 -1.688502761482074e-01  
       59  0.000000000000000e+00  
       60  1.538643963854779e-01  
       61  0.000000000000000e+00  
       62 -1.361927584623257e-01  
       63  0.000000000000000e+00  
       64  1.165039088131505e-01  
       65  0.000000000000000e+00  
       66 -9.544931495274529e-02  
       67  0.000000000000000e+00  
       68  7.365361655377997e-02  
       69  0.000000000000000e+00  
       70 -5.170557778283280e-02  
       71  0.000000000000000e+00  
       72  3.014991779348671e-02  
       73  0.000000000000000e+00  
       74 -9.480170691353923e-03  
       75  0.000000000000000e+00  
       76 -9.867301253894923e-03  
       77  0.000000000000000e+00  
       78  2.751804630441060e-02  
       79  0.000000000000000e+00  
       80 -4.316294877356305e-02  
       81  0.000000000000000e+00  
       82  5.656030631492331e-02  
       83  0.000000000000000e+00  
       84 -6.753655366625906e-02  
       85  0.000000000000000e+00  
       86  7.598565642862322e-02  
       87  0.000000000000000e+00  
       88 -8.186722597431514e-02  
       89  0.000000000000000e+00  
       90  8.520343220281018e-02  
       91  0.000000000000000e+00  
       92 -8.607481413357171e-02  
       93  0.000000000000000e+00  
       94  8.461510882300767e-02  
       95  0.000000000000000e+00  
       96 -8.100523646449492e-02  
       97  0.000000000000000e+00  
       98  7.546659348893713e-02  
       99  0.000000000000000e+00  
      100 -6.825381581735226e-02  
      101  0.000000000000000e+00  
      102  5.964718099446163e-02  
      103  0.000000000000000e+00  
      104 -4.994482070280016e-02  
      105  0.000000000000000e+00  
      106  3.945491415212796e-02  
      107  0.000000000000000e+00  
      108 -2.848802817089245e-02  
      109  0.000000000000000e+00  
      110  1.734976168405756e-02  
      111  0.000000000000000e+00  
      112 -6.333840905286119e-03  
      113  0.000000000000000e+00  
      114 -4.284202673448609e-03  
      115  0.000000000000000e+00  
      116  1.425265616334232e-02  
      117  0.000000000000000e+00  
      118 -2.334845452905798e-02  
      119  0.000000000000000e+00  
      120  3.138113914647470e-02  
      121  0.000000000000000e+00  
      122 -3.819589116738772e-02  
      123  0.000000000000000e+00  
      124  4.367560736538852e-02  
      125  0.000000000000000e+00  
      126 -4.774200841685480e-02  
      127  0.000000000000000e+00  
      128  5.035579145545383e-02  
      129  0.000000000000000e+00  
      130 -5.151585974738521e-02  
      131  0.000000000000000e+00  
      132  5.125768201756731e-02  
      133  0.000000000000000e+00  
      134 -4.965085190373578e-02  
      135  0.000000000000000e+00  
      136  4.679593386394634e-02  
      137  0.000000000000000e+00  
      138 -4.282069530685065e-02  
      139  0.000000000000000e+00  
      140  3.787583550842235e-02  
      141  0.000000000000000e+00  
      142 -3.213032984448669e-02  
      143  0.000000000000000e+00  
      144  2.576651289500879e-02  
      145  0.000000000000000e+00  
      146 -1.897502602295542e-02  
      147  0.000000000000000e+00  
      148  1.194975412628745e-02  
      149  0.000000000000000e+00  
      150 -4.882872502109523e-03  
      151  0.000000000000000e+00  
      152 -2.039881693316993e-03  
      153  0.000000000000000e+00  
      154  8.643607837978278e-03  
      155  0.000000000000000e+00  
      156 -1.476821568035509e-02  
      157  0.000000000000000e+00  
      158  2.027189323971325e-02  
      159  0.000000000000000e+00  
      160 -2.503400196276565e-02  
      161  0.000000000000000e+00  
      162  2.895734805945846e-02  
      163  0.000000000000000e+00  
      164 -3.196979543197746e-02  
      165  0.000000000000000e+00  
      166  3.402520245633001e-02  
      167  0.000000000000000e+00  
      168 -3.510368166913402e-02  
      169  0.000000000000000e+00  
      170  3.521119775823854e-02  
      171  0.000000000000000e+00  
      172 -3.437853477890434e-02  
      173  0.000000000000000e+00  
      174  3.265967786999885e-02  
      175  0.000000000000000e+00  
      176 -3.012966761526413e-02  
      177  0.000000000000000e+00  
      178  2.688199631381286e-02  
      179  0.000000000000000e+00  
      180 -2.302562457006518e-02  
      181  0.000000000000000e+00  
      182  1.868170361693194e-02  
      183  0.000000000000000e+00  
      184 -1.398009353278216e-02  
      185  0.000000000000000e+00  
      186  9.055769944812957e-03  
      187  0.000000000000000e+00  
      188 -4.045211927854066e-03  
      189  0.000000000000000e+00  
      190 -9.171383370137685e-04  
      191  0.000000000000000e+00  
      192  5.702257877643515e-03  
      193  0.000000000000000e+00  
      194 -1.018968724761824e-02  
      195  0.000000000000000e+00  
      196  1.427036496110341e-02  
      197  0.000000000000000e+00  
      198 -1.784908980471994e-02  
      199  0.000000000000000e+00  
      200  0.000000000000000e+00  
        2 -4.345295620460002e-01  5.229860607206575e-01 
        0  0.000000000000000e+00  
        1  0.000000000000000e+00  
        2  8.913608479388091e-02  
        3  2.316898944275312e-01  
        4  3.803385652821515e-01  
        5  4.881534173083115e-01  
        6  5.195420042446494e-01  
        7  4.579121924495063e-01  
        8  3.086975099643984e-01  
        9  9.744284430196887e-02  
       10 -1.363181270134551e-01  
       11 -3.478590565587909e-01  
       12 -4.967609889218761e-01  
       13 -5.551363257945109e-01  
       14 -5.129796440470079e-01  
       15 -3.797199224491189e-01  
       16 -1.818566177298752e-01  
       17  4.266064156164440e-02  
       18  2.520505048860066e-01  
       19  4.087416016866618e-01  
       20  4.862693254171062e-01  
       21  4.737665853353206e-01  
       22  3.773163749230934e-01  
       23  2.180699525802034e-01  
       24  2.765021296847385e-02  
       25 -1.581592108754421e-01  
       26 -3.061740633187193e-01  
       27 -3.917414103193350e-01  
       28 -4.027922440897527e-01  
       29 -3.413713520457630e-01  
       30 -2.225034872751606e-01  
       31 -7.075326105450414e-02  
       32  8.476106573134773e-02  
       33  2.159006945714452e-01  
       34  3.005455429367298e-01  
       35  3.262502035908556e-01  
       36  2.919318695041012e-01  
       37  2.073985429349260e-01  
       38  9.093023901053553e-02  
       39 -3.453267385474706e-02  
       40 -1.458196339251006e-01  
       41 -2.237378385550920e-01  
       42 -2.563075702629841e-01  
       43 -2.404956078064461e-01  
       44 -1.822214750198980e-01  
       45 -9.473817459699570e-02  
       46  4.221806519726035e-03  
       47  9.594323088387068e-02  
       48  1.641936440800781e-01  
       49  1.980289769437141e-01  
       50  1.934672848179030e-01  
       51  1.537922089080374e-01  
       52  8.851120115306073e-02  
       53  1.123739582834969e-02  
       54 -6.305497744769782e-02  
       55 -1.208629744216414e-01  
       56 -1.525509566324248e-01  
       57 -1.538955567182350e-01  
       58 -1.265441485930200e-01  
       59 -7.736392080117301e-02  
       60 -1.686383292250742e-02  
       61  4.296760214641090e-02  
       62  9.097671880681971e-02  
       63  1.188744598798816e-01  
       64  1.226206000805283e-01  
       65  1.029401181453183e-01  
       66  6.492195011501560e-02  
       67  1.682333543102976e-02  
       68 -3.165559614607221e-02  
       69 -7.127707681275233e-02  
       70 -9.498484619603730e-02  
       71 -9.912412872513483e-02  
       72 -8.395809900512120e-02  
       73 -5.341821101449515e-02  
       74 -1.417256404262835e-02  
       75  2.577926908803290e-02  
       76  5.869702464277290e-02  
       77  7.856636178607121e-02  
       78  8.216890437115615e-02  
       79  6.957035362488495e-02  
       80  4.395957140566170e-02  
       81  1.089745108392581e-02  
       82 -2.285606160157570e-02  
       83 -5.069525738888851e-02  
       84 -6.743627605176195e-02  
       85 -7.026004839815692e-02  
       86 -5.916290352524049e-02  
       87 -3.684764292117292e-02  
       88 -8.097339093035526e-03  
       89  2.122854737283893e-02  
       90  4.536897720725258e-02  
       91  5.977502214081617e-02  
       92  6.195031030622163e-02  
       93  5.186587849271360e-02  
       94  3.188395996851640e-02  
       95  6.221733381201545e-03  
       96 -1.992656610312227e-02  
       97 -4.142891526097201e-02  
       98 -5.421056580247505e-02  
       99 -5.601421850312185e-02  
      100 -4.678566168772368e-02  
      101 -2.862152896177768e-02  
      102 -5.302026217082813e-03  
      103  1.848924268656945e-02  
      104  3.809885612119839e-02  
      105  4.980598736844977e-02  
      106  5.152018764137066e-02  
      107  4.314524066858739e-02  
      108  2.654762369613060e-02  
      109  5.145951236077647e-03  
      110 -1.678958723143108e-02  
      111 -3.498516980931192e-02  
      112 -4.599125025365167e-02  
      113 -4.783107683519277e-02  
      114 -4.034899494029621e-02  
      115 -2.519853425683778e-02  
      116 -5.481165963259297e-03  
      117  1.488631526757067e-02  
      118  3.194737620396854e-02  
      119  4.247135231721932e-02  
      120  4.456161515116031e-02  
      121  3.799257799912294e-02  
      122  2.421666942389200e-02  
      123  6.047330254044696e-03  
      124 -1.291362656775590e-02  
      125 -2.898823104654659e-02  
      126 -3.913377203993317e-02  
      127 -4.151629110225552e-02  
      128 -3.583860738956181e-02  
      129 -2.336495715012245e-02  
      130 -6.644028793699094e-03  
      131  1.100976509102680e-02  
      132  2.617164921638003e-02  
      133  3.596927394944580e-02  
      134  3.862503708719307e-02  
      135  3.377595619941091e-02  
      136  2.251410990676481e-02  
      137  7.145695531451264e-03  
      138 -9.278994362999511e-03  
      139 -2.356932069293824e-02  
      140 -3.301262063023377e-02  
      141 -3.588760011146801e-02  
      142 -3.177596781354605e-02  
      143 -2.161635041210008e-02  
      144 -7.495348282080158e-03  
      145  7.778628599299631e-03  
      146  2.123214451058613e-02  
      147  3.030409628950539e-02  
      148  3.333183856183917e-02  
      149  2.985409806660822e-02  
      150  2.067587182821669e-02  
      151  7.687512300645791e-03  
      152 -6.522208962103937e-03  
      153 -1.918028654979215e-02  
      154 -2.786911965543998e-02  
      155 -3.098687510643219e-02  
      156 -2.804118292103911e-02  
      157 -1.972264549650906e-02  
      158 -7.748199629993387e-03  
      159  5.490976808547454e-03  
      160  1.740521464345909e-02  
      161  2.571142147668249e-02  
      162  2.886923866031788e-02  
      163  2.636521923608453e-02  
      164  1.879289236343984e-02  
      165  7.717019049346046e-03  
      166 -4.647698422657808e-03  
      167 -1.587785096305396e-02  
      168 -2.381488687285387e-02  
      169 -2.697872309126892e-02  
      170 -2.484238755470024e-02  
      171 -1.791699385659560e-02  
      172 -7.633973858302027e-03  
      173  3.949015813782909e-03  
      174  1.455841360024412e-02  
      175  2.214973808650843e-02  
      176  2.530037982477926e-02  
      177  2.347495482605107e-02  
      178  1.711396153742319e-02  
      179  7.531568106327317e-03  
      180 -3.354407048976312e-03  
      181 -1.340511745196164e-02  
      182 -2.067980339932839e-02  
      183 -2.380948016863169e-02  
      184 -2.225344429746538e-02  
      185 -1.639074817334210e-02  
      186 -7.431584199471781e-03  
      187  2.831301948230862e-03  
      188  1.238033984695904e-02  
      189  1.936881482916811e-02  
      190  2.247708048643660e-02  
      191  2.116076731270379e-02  
      192  1.574448950648719e-02  
      193  7.345264690894460e-03  
      194 -2.356841517545782e-03  
      195 -1.145394957377169e-02  
      196 -1.818474869208283e-02  
      197 -2.127471629756804e-02  
      198 -2.017660716543535e-02  
      199 -1.516599745758077e-02  
      200  0.000000000000000e+00  
        3  4.717295620460003e-01  5.229860607206575e-01 
        0  0.000000000000000e+00  
        1  0.000000000000000e+00  
        2  8.913608479388091e-02  
        3 -2.316898944275312e-01  
        4  3.803385652821515e-01  
        5 -4.881534173083115e-01  
        6  5.195420042446494e-01  
        7 -4.579121924495063e-01  
        8  3.086975099643984e-01  
        9 -9.744284430196887e-02  
       10 -1.363181270134551e-01  
       11  3.478590565587909e-01  
       12 -4.967609889218761e-01  
       13  5.551363257945109e-01  
       14 -5.129796440470079e-01  
       15  3.797199224491189e-01  
       16 -1.818566177298752e-01  
       17 -4.266064156164440e-02  
       18  2.520505048860066e-01  
       19 -4.087416016866618e-01  
       20  4.862693254171062e-01  
       21 -4.737665853353206e-01  
       22  3.773163749230934e-01  
       23 -2.180699525802034e-01  
       24  2.765021296847385e-02  
       25  1.581592108754421e-01  
       26 -3.061740633187193e-01  
       27  3.917414103193350e-01  
       28 -4.027922440897527e-01  
       29  3.413713520457630e-01  
       30 -2.225034872751606e-01  
       31  7.075326105450414e-02  
       32  8.476106573134773e-02  
       33 -2.159006945714452e-01  
       34  3.005455429367298e-01  
       35 -3.262502035908556e-01  
       36  2.919318695041012e-01  
       37 -2.073985429349260e-01  
       38  9.093023901053553e-02  
       39  3.453267385474706e-02  
       40 -1.458196339251006e-01  
       41  2.237378385550920e-01  
       42 -2.563075702629841e-01  
       43  2.404956078064461e-01  
       44 -1.822214750198980e-01  
       45  9.473817459699570e-02  
       46  4.221806519726035e-03  
       47 -9.594323088387068e-02  
       48  1.641936440800781e-01  
       49 -1.980289769437141e-01  
       50  1.934672848179030e-01  
       51 -1.537922089080374e-01  
       52  8.851120115306073e-02  
       53 -1.123739582834969e-02  
       54 -6.305497744769782e-02  
       55  1.208629744216414e-01  
       56 -1.525509566324248e-01  
       57  1.538955567182350e-01  
       58 -1.265441485930200e-01  
       59  7.736392080117301e-02  
       60 -1.686383292250742e-02  
       61 -4.296760214641090e-02  
       62  9.097671880681971e-02  
       63 -1.188744598798816e-01  
       64  1.226206000805283e-01  
       65 -1.029401181453183e-01  
       66  6.492195011501560e-02  
       67 -1.682333543102976e-02  
       68 -3.165559614607221e-02  
       69  7.127707681275233e-02  
       70 -9.498484619603730e-02  
       71  9.912412872513483e-02  
       72 -8.395809900512120e-02  
       73  5.341821101449515e-02  
       74 -1.417256404262835e-02  
       75 -2.577926908803290e-02  
       76  5.869702464277290e-02  
       77 -7.856636178607121e-02  
       78  8.216890437115615e-02  
       79 -6.957035362488495e-02  
       80  4.395957140566170e-02  
       81 -1.089745108392581e-02  
       82 -2.285606160157570e-02  
       83  5.069525738888851e-02  
       84 -6.743627605176195e-02  
       85  7.026004839815692e-02  
       86 -5.916290352524049e-02  
       87  3.684764292117292e-02  
       88 -8.097339093035526e-03  
       89 -2.122854737283893e-02  
       90  4.536897720725258e-02  
       91 -5.977502214081617e-02  
       92  6.195031030622163e-02  
       93 -5.186587849271360e-02  
       94  3.188395996851640e-02  
       95 -6.221733381201545e-03  
       96 -1.992656610312227e-02  
       97  4.142891526097201e-02  
       98 -5.421056580247505e-02  
       99  5.601421850312185e-02  
      100 -4.678566168772368e-02  
      101  2.862152896177768e-02  
      102 -5.302026217082813e-03  
      103 -1.848924268656945e-02  
      104  3.809885612119839e-02  
      105 -4.980598736844977e-02  
      106  5.152018764137066e-02  
      107 -4.314524066858739e-02  
      108  2.654762369613060e-02  
      109 -5.145951236077647e-03  
      110 -1.678958723143108e-02  
      111  3.498516980931192e-02  
      112 -4.599125025365167e-02  
      113  4.783107683519277e-02  
      114 -4.034899494029621e-02  
      115  2.519853425683778e-02  
      116 -5.481165963259297e-03  
      117 -1.488631526757067e-02  
      118  3.194737620396854e-02  
      119 -4.247135231721932e-02  
      120  4.456161515116031e-02  
      121 -3.799257799912294e-02  
      122  2.421666942389200e-02  
      123 -6.047330254044696e-03  
      124 -1.291362656775590e-02  
      125  2.898823104654659e-02  
      126 -3.913377203993317e-02  
      127  4.151629110225552e-02  
      128 -3.583860738956181e-02  
      129  2.336495715012245e-02  
      130 -6.644028793699094e-03  
      131 -1.100976509102680e-02  
      132  2.617164921638003e-02  
      133 -3.596927394944580e-02  
      134  3.862503708719307e-02  
      135 -3.377595619941091e-02  
      136  2.251410990676481e-02  
      137 -7.145695531451264e-03  
      138 -9.278994362999511e-03  
      139  2.356932069293824e-02  
      140 -3.301262063023377e-02  
      141  3.588760011146801e-02  
      142 -3.177596781354605e-02  
      143  2.161635041210008e-02  
      144 -7.495348282080158e-03  
      145 -7.778628599299631e-03  
      146  2.123214451058613e-02  
      147 -3.030409628950539e-02  
      148  3.333183856183917e-02  
      149 -2.985409806660822e-02  
      150  2.067587182821669e-02  
      151 -7.687512300645791e-03  
      152 -6.522208962103937e-03  
      153  1.918028654979215e-02  
      154 -2.786911965543998e-02  
      155  3.098687510643219e-02  
      156 -2.804118292103911e-02  
      157  1.972264549650906e-02  
      158 -7.748199629993387e-03  
      159 -5.490976808547454e-03  
      160  1.740521464345909e-02  
      161 -2.571142147668249e-02  
      162  2.886923866031788e-02  
      163 -2.636521923608453e-02  
      164  1.879289236343984e-02  
      165 -7.717019049346046e-03  
      166 -4.647698422657808e-03  
      167  1.587785096305396e-02  
      168 -2.381488687285387e-02  
      169  2.697872309126892e-02  
      170 -2.484238755470024e-02  
      171  1.791699385659560e-02  
      172 -7.633973858302027e-03  
      173 -3.949015813782909e-03  
      174  1.455841360024412e-02  
      175 -2.214973808650843e-02  
      176  2.530037982477926e-02  
      177 -2.347495482605107e-02  
      178  1.711396153742319e-02  
      179 -7.531568106327317e-03  
      180 -3.354407048976312e-03  
      181  1.340511745196164e-02  
      182 -2.067980339932839e-02  
      183  2.380948016863169e-02  
      184 -2.225344429746538e-02  
      185  1.639074817334210e-02  
      186 -7.431584199471781e-03  
      187 -2.831301948230862e-03  
      188  1.238033984695904e-02  
      189 -1.936881482916811e-02  
      190  2.247708048643660e-02  
      191 -2.116076731270379e-02  
      192  1.574448950648719e-02  
      193 -7.345264690894460e-03  
      194 -2.356841517545782e-03  
      195  1.145394957377169e-02  
      196 -1.818474869208283e-02  
      197  2.127471629756804e-02  
      198 -2.017660716543535e-02  
      199  1.516599745758077e-02  
      200  0.000000000000000e+00  
        1  1.860000000000001e-02  3.668718032228697e-01 
        0  0.000000000000000e+00  
        1  0.000000000000000e+00  
        2 -2.582815447592230e-01  
        3  0.000000000000000e+00  
        4  3.727191614242173e-01  
        5  0.000000000000000e+00  
        6 -4.467811827233885e-01  
        7  0.000000000000000e+00  
        8  4.982346267344461e-01  
        9  0.000000000000000e+00  
       10 -5.340027930479414e-01  
       11  0.000000000000000e+00  
       12  5.577326776884912e-01  
       13  0.000000000000000e+00  
       14 -5.717026810623159e-01  
       15  0.000000000000000e+00  
       16  5.775073615667194e-01  
       17  0.000000000000000e+00  
       18 -5.763572316629128e-01  
       19  0.000000000000000e+00  
       20  5.692279584807032e-01  
       21  0.000000000000000e+00  
       22 -5.569415098263421e-01  
       23  0.000000000000000e+00  
       24  5.402132051194557e-01  
       25  0.000000000000000e+00  
       26 -5.196803157485952e-01  
       27  0.000000000000000e+00  
       28  4.959200720776837e-01  
       29  0.000000000000000e+00  
       30 -4.694613019956513e-01  
       31  0.000000000000000e+00  
       32  4.407921018192480e-01  
       33  0.000000000000000e+00  
       34 -4.103649673501830e-01  
       35  0.000000000000000e+00  
       36  3.786002670478644e-01  
       37  0.000000000000000e+00  
       38 -3.458886197064078e-01  
       39  0.000000000000000e+00  
       40  3.125925449249024e-01  
       41  0.000000000000000e+00  
       42 -2.790476329453799e-01  
       43  0.000000000000000e+00  
       44  2.455634019425805e-01  
       45  0.000000000000000e+00  
       46 -2.124239589664802e-01  
       47  0.000000000000000e+00  
       48  1.798885456817788e-01  
       49  0.000000000000000e+00  
       50 -1.481920258927501e-01  
       51  0.000000000000000e+00  
       52  1.175453549033109e-01  
       53  0.000000000000000e+00  
       54 -8.813605869682914e-02  
       55  0.000000000000000e+00  
       56  6.012874220457214e-02  
       57  0.000000000000000e+00  
       58 -3.366563955640136e-02  
       59  0.000000000000000e+00  
       60  8.867214491712471e-03  
       61  0.000000000000000e+00  
       62  1.416718441370410e-02  
       63  0.000000000000000e+00  
       64 -3.535861170255842e-02  
       65  0.000000000000000e+00  
       66  5.464775618331307e-02  
       67  0.000000000000000e+00  
       68 -7.199411681590698e-02  
       69  0.000000000000000e+00  
       70  8.737512605770578e-02  
       71  0.000000000000000e+00  
       72 -1.007852242927574e-01  
       73  0.000000000000000e+00  
       74  1.122348896572365e-01  
       75  0.000000000000000e+00  
       76 -1.217496280986576e-01  
       77  0.000000000000000e+00  
       78  1.293689289005294e-01  
       79  0.000000000000000e+00  
       80 -1.351451911933511e-01  
       81  0.000000000000000e+00  
       82  1.391426271765317e-01  
       83  0.000000000000000e+00  
       84 -1.414361479084046e-01  
       85  0.000000000000000e+00  
       86  1.421102375939221e-01  
       87  0.000000000000000e+00  
       88 -1.412578223200555e-01  
       89  0.000000000000000e+00  
       90  1.389791391635923e-01  
       91  0.000000000000000e+00  
       92 -1.353806115296303e-01  
       93  0.000000000000000e+00  
       94  1.305737364752447e-01  
       95  0.000000000000000e+00  
       96 -1.246739896343562e-01  
       97  0.000000000000000e+00  
       98  1.177997531890528e-01  
       99  0.000000000000000e+00  
      100 -1.100712721313915e-01  
      101  0.000000000000000e+00  
      102  1.016096438297223e-01  
      103  0.000000000000000e+00  
      104 -9.253584565637193e-02  
      105  0.000000000000000e+00  
      106  8.296980515064079e-02  
      107  0.000000000000000e+00  
      108 -7.302951688405265e-02  
      109  0.000000000000000e+00  
      110  6.283020986529420e-02  
      111  0.000000000000000e+00  
      112 -5.248356897205714e-02  
      113  0.000000000000000e+00  
      114  4.209701352793918e-02  
      115  0.000000000000000e+00  
      116 -3.177303575672994e-02  
      117  0.000000000000000e+00  
      118  2.160860144600805e-02  
      119  0.000000000000000e+00  
      120 -1.169461473937377e-02  
      121  0.000000000000000e+00  
      122  2.115448554343980e-03  
      123  0.000000000000000e+00  
      124  7.051458306409537e-03  
      125  0.000000000000000e+00  
      126 -1.573593671643662e-02  
      127  0.000000000000000e+00  
      128  2.387535526053505e-02  
      129  0.000000000000000e+00  
      130 -3.141482097805312e-02  
      131  0.000000000000000e+00  
      132  3.830731347823335e-02  
      133  0.000000000000000e+00  
      134 -4.451375351306103e-02  
      135  0.000000000000000e+00  
      136  5.000300750436652e-02  
      137  0.000000000000000e+00  
      138 -5.475182991986802e-02  
      139  0.000000000000000e+00  
      140  5.874474577456714e-02  
      141  0.000000000000000e+00  
      142 -6.197387589665427e-02  
      143  0.000000000000000e+00  
      144  6.443870793820669e-02  
      145  0.000000000000000e+00  
      146 -6.614581642797707e-02  
      147  0.000000000000000e+00  
      148  6.710853545416327e-02  
      149  0.000000000000000e+00  
      150 -6.734658782711353e-02  
      151  0.000000000000000e+00  
      152  6.688567480356337e-02  
      153  0.000000000000000e+00  
      154 -6.575703065357617e-02  
      155  0.000000000000000e+00  
      156  6.399694651748136e-02  
      157  0.000000000000000e+00  
      158 -6.164626813165348e-02  
      159  0.000000000000000e+00  
      160  5.874987209811983e-02  
      161  0.000000000000000e+00  
      162 -5.535612543318379e-02  
      163  0.000000000000000e+00  
      164  5.151633315425808e-02  
      165  0.000000000000000e+00  
      166 -4.728417865197499e-02  
      167  0.000000000000000e+00  
      168  4.271516154673195e-02  
      169  0.000000000000000e+00  
      170 -3.786603764579299e-02  
      171  0.000000000000000e+00  
      172  3.279426549983749e-02  
      173  0.000000000000000e+00  
      174 -2.755746390765175e-02  
      175  0.000000000000000e+00  
      176  2.221288453598463e-02  
      177  0.000000000000000e+00  
      178 -1.681690361018272e-02  
      179  0.000000000000000e+00  
      180  1.142453639206887e-02  
      181  0.000000000000000e+00  
      182 -6.088977896834577e-03  
      183  0.000000000000000e+00  
      184  8.611730128885807e-04  
      185  0.000000000000000e+00  
      186  4.210581119776837e-03  
      187  0.000000000000000e+00  
      188 -9.080997943336982e-03  
      189  0.000000000000000e+00  
      190  1.370812733978391e-02  
      191  0.000000000000000e+00  
      192 -1.805364267738079e-02  
      193  0.000000000000000e+00  
      194  2.208308757289055e-02  
      195  0.000000000000000e+00  
      196 -2.576608126445193e-02  
      197  0.000000000000000e+00  
      198  2.907648186060661e-02  
      199  0.000000000000000e+00  
      200  0.000000000000000e+00  
        2 -7.151436064457393e-01  8.368212844806120e-01 
        0  0.000000000000000e+00  
        1  0.000000000000000e+00  
        2 -2.176397530756471e-02  
        3 -5.724942002167199e-02  
        4 -9.435857826758315e-02  
        5 -1.202495369453714e-01  
        6 -1.247394105780321e-01  
        7 -1.029823149102364e-01  
        8 -5.680243653165478e-02  
        9  5.606517911115095e-03  
       10  7.151913302594558e-02  
       11  1.266057375218240e-01  
       12  1.582614770044019e-01  
       13  1.585692743138422e-01  
       14  1.262227861396062e-01  
       15  6.697733117948745e-02  
       16 -7.470359548843954e-03  
       17 -8.192394789842990e-02  
       18 -1.409129860006111e-01  
       19 -1.719978051465040e-01  
       20 -1.684383059777338e-01  
       21 -1.306545035646194e-01  
       22 -6.617080832930471e-02  
       23  1.193776356294386e-02  
       24  8.776149627566553e-02  
       25  1.458558974848632e-01  
       26  1.744307368004359e-01  
       27  1.677641265673855e-01  
       28  1.273468980877298e-01  
       29  6.153247116574706e-02  
       30 -1.622005461750875e-02  
       31 -9.013239069671118e-02  
       32 -1.453390109630286e-01  
       33 -1.708972253429513e-01  
       34 -1.619633257646654e-01  
       35 -1.207025576715453e-01  
       36 -5.576575521874918e-02  
       37  1.954000002568702e-02  
       38  8.999603498743876e-02  
       39  1.415622950480771e-01  
       40  1.641831585103791e-01  
       41  1.537474330148962e-01  
       42  1.128218568995572e-01  
       43  5.003155018551979e-02  
       44 -2.176445185588761e-02  
       45 -8.811498377925706e-02  
       46 -1.358914664907892e-01  
       47 -1.558868244113008e-01  
       48 -1.445844885864682e-01  
       49 -1.047594507983496e-01  
       50 -4.481344404512001e-02  
       51  2.299893911834901e-02  
       52  8.507823099805437e-02  
       53  1.292084074567056e-01  
       54  1.469582585326078e-01  
       55  1.352846943597636e-01  
       56  9.703516260879479e-02  
       57  4.027129254788480e-02  
       58 -2.342847000748928e-02  
       59 -8.133013557262828e-02  
       60 -1.220879785550771e-01  
       61 -1.379632928833358e-01  
       62 -1.262853996647285e-01  
       63 -8.988116476193331e-02  
       64 -3.640901184187044e-02  
       65  2.324866316654748e-02  
       66  7.719790224431647e-02  
       67  1.149011854347725e-01  
       68  1.292304018944065e-01  
       69  1.178061064714448e-01  
       70  8.337342060762969e-02  
       71  3.316004516914552e-02  
       72 -2.263640905720146e-02  
       73 -7.291607420667000e-02  
       74 -1.078809724682402e-01  
       75 -1.209389061927093e-01  
       76 -1.099383980028247e-01  
       77 -7.750515170022110e-02  
       78 -3.043191330649508e-02  
       79  2.173927568422327e-02  
       80  6.864750432822973e-02  
       81  1.011663845587860e-01  
       82  1.131744031898373e-01  
       83  1.026999961189521e-01  
       84  7.222877200192454e-02  
       85  2.812907726531260e-02  
       86 -2.067394790755869e-02  
       87 -6.450074682416181e-02  
       88 -9.483301788314578e-02  
       89 -1.059644608536127e-01  
       90 -9.606777113614376e-02  
       91 -6.747979325488199e-02  
       92 -2.616394660821306e-02  
       93  1.952882300716559e-02  
       94  6.054409848893308e-02  
       95  8.891425990856147e-02  
       96  9.930183199619709e-02  
       97  8.999791042086533e-02  
       98  6.319013750193689e-02  
       99  2.446137841554194e-02  
      100 -1.836823883473214e-02  
      101 -5.681667337489765e-02  
      102 -8.341612627784355e-02  
      103 -9.315953767588443e-02  
      104 -8.443807689153884e-02  
      105 -5.929516253178787e-02  
      106 -2.295967660802940e-02  
      107  1.723703759196559e-02  
      108  5.333695536890676e-02  
      109  7.832756586431459e-02  
      110  8.750056512232127e-02  
      111  7.933452371484695e-02  
      112  5.573697356798166e-02  
      113  2.160981240882502e-02  
      114 -1.616483149890378e-02  
      115 -5.010927310916133e-02  
      116 -7.362753577555492e-02  
      117 -8.228397558717987e-02  
      118 -7.463603651275763e-02  
      119 -5.246558569204612e-02  
      120 -2.037384745708834e-02  
      121  1.516969915680253e-02  
      122  4.712860697977684e-02  
      123  6.928977491217264e-02  
      124  7.746862246238080e-02  
      125  7.029590205111888e-02  
      126  4.943889308848869e-02  
      127  1.922310764064519e-02  
      128 -1.426123681906462e-02  
      129 -4.438408647805004e-02  
      130 -6.528594692431604e-02  
      131 -7.301529192840409e-02  
      132 -6.627267637124090e-02  
      133 -4.662202601424258e-02  
      134 -1.813639952623147e-02  
      135  1.344298933922240e-02  
      136  4.186147958297314e-02  
      137  6.158763922204099e-02  
      138  6.888781821067380e-02  
      139  6.253024980360503e-02  
      140  4.398644228718109e-02  
      141  1.709841061066859e-02  
      142 -1.271433212849779e-02  
      143 -3.954492068920134e-02  
      144 -5.816757050163097e-02  
      145 -6.505354802062310e-02  
      146 -5.903752601553758e-02  
      147 -4.150895361637385e-02  
      148 -1.609834774108026e-02  
      149  1.207189176300709e-02  
      150  3.741807384625357e-02  
      151  5.500026058072199e-02  
      152  6.148340652143360e-02  
      153  5.576791375926613e-02  
      154  3.917079599309351e-02  
      155  1.512881989181976e-02  
      156 -1.151059289824216e-02  
      157 -3.546488503966432e-02  
      158 -5.206234363312712e-02  
      159 -5.815173271781082e-02  
      160 -5.269875227467689e-02  
      161 -3.695679754495365e-02  
      162 -1.418494668637078e-02  
      163  1.102441108834092e-02  
      164  3.367004139500677e-02  
      165  4.933265249085535e-02  
      166  5.503599395271306e-02  
      167  4.981074074055591e-02  
      168  3.485466395892654e-02  
      169  1.326366310580027e-02  
      170 -1.060689972692485e-02  
      171 -3.201922608996450e-02  
      172 -4.679216266429138e-02  
      173 -5.211644931174009e-02  
      174 -4.708740974686633e-02  
      175 -3.285438257425608e-02  
      176 -1.236318782872535e-02  
      177  1.025154728939318e-02  
      178  3.049923467752040e-02  
      179  4.442385648593423e-02  
      180  4.937580470020478e-02  
      181  4.451465243256499e-02  
      182  3.094773619438261e-02  
      183  1.148262395869342e-02  
      184 -9.952009763322949e-03  
      185 -2.909800057100480e-02  
      186 -4.221254756036266e-02  
      187 -4.679888430431060e-02  
      188 -4.208032061076120e-02  
      189 -2.912791310114381e-02  
      190 -1.062166429962755e-02  
      191  9.702253249831285e-03  
      192  2.780456372983496e-02  
      193  4.014469141690203e-02  
      194  4.437233133762516e-02  
      195  3.977388411483825e-02  
      196  2.738919843524997e-02  
      197  9.780377529311528e-03  
      198 -9.496633413074830e-03  
      199 -2.660900629088670e-02  
      200  0.000000000000000e+00  
        3  7.523436064457394e-01  8.368212844806121e-01 
        0  0.000000000000000e+00  
        1  0.000000000000000e+00  
        2 -2.176397530756462e-02  
        3  5.724942002167188e-02  
        4 -9.435857826758309e-02  
        5  1.202495369453713e-01  
        6 -1.247394105780320e-01  
        7  1.029823149102364e-01  
        8 -5.680243653165481e-02  
        9 -5.606517911115052e-03  
       10  7.151913302594552e-02  
       11 -1.266057375218240e-01  
       12  1.582614770044019e-01  
       13 -1.585692743138422e-01  
       14  1.262227861396063e-01  
       15 -6.697733117948744e-02  
       16 -7.470359548843983e-03  
       17  8.192394789842995e-02  
       18 -1.409129860006111e-01  
       19  1.719978051465041e-01  
       20 -1.684383059777339e-01  
       21  1.306545035646195e-01  
       22 -6.617080832930466e-02  
       23 -1.193776356294396e-02  
       24  8.776149627566565e-02  
       25 -1.458558974848634e-01  
       26  1.744307368004360e-01  
       27 -1.677641265673856e-01  
       28  1.273468980877298e-01  
       29 -6.153247116574696e-02  
       30 -1.622005461750895e-02  
       31  9.013239069671145e-02  
       32 -1.453390109630288e-01  
       33  1.708972253429515e-01  
       34 -1.619633257646655e-01  
       35  1.207025576715452e-01  
       36 -5.576575521874903e-02  
       37 -1.954000002568731e-02  
       38  8.999603498743909e-02  
       39 -1.415622950480774e-01  
       40  1.641831585103793e-01  
       41 -1.537474330148964e-01  
       42  1.128218568995572e-01  
       43 -5.003155018551959e-02  
       44 -2.176445185588796e-02  
       45  8.811498377925747e-02  
       46 -1.358914664907896e-01  
       47  1.558868244113011e-01  
       48 -1.445844885864684e-01  
       49  1.047594507983496e-01  
       50 -4.481344404511977e-02  
       51 -2.299893911834941e-02  
       52  8.507823099805482e-02  
       53 -1.292084074567060e-01  
       54  1.469582585326082e-01  
       55 -1.352846943597637e-01  
       56  9.703516260879473e-02  
       57 -4.027129254788451e-02  
       58 -2.342847000748973e-02  
       59  8.133013557262883e-02  
       60 -1.220879785550775e-01  
       61  1.379632928833362e-01  
       62 -1.262853996647286e-01  
       63  8.988116476193321e-02  
       64 -3.640901184187013e-02  
       65 -2.324866316654796e-02  
       66  7.719790224431701e-02  
       67 -1.149011854347730e-01  
       68  1.292304018944068e-01  
       69 -1.178061064714449e-01  
       70  8.337342060762958e-02  
       71 -3.316004516914520e-02  
       72 -2.263640905720196e-02  
       73  7.291607420667061e-02  
       74 -1.078809724682407e-01  
       75  1.209389061927097e-01  
       76 -1.099383980028248e-01  
       77  7.750515170022099e-02  
       78 -3.043191330649472e-02  
       79 -2.173927568422379e-02  
       80  6.864750432823030e-02  
       81 -1.011663845587866e-01  
       82  1.131744031898377e-01  
       83 -1.026999961189523e-01  
       84  7.222877200192442e-02  
       85 -2.812907726531224e-02  
       86 -2.067394790755921e-02  
       87  6.450074682416240e-02  
       88 -9.483301788314637e-02  
       89  1.059644608536131e-01  
       90 -9.606777113614394e-02  
       91  6.747979325488188e-02  
       92 -2.616394660821273e-02  
       93 -1.952882300716612e-02  
       94  6.054409848893368e-02  
       95 -8.891425990856201e-02  
       96  9.930183199619751e-02  
       97 -8.999791042086550e-02  
       98  6.319013750193681e-02  
       99 -2.446137841554161e-02  
      100 -1.836823883473266e-02  
      101  5.681667337489825e-02  
      102 -8.341612627784409e-02  
      103  9.315953767588483e-02  
      104 -8.443807689153898e-02  
      105  5.929516253178777e-02  
      106 -2.295967660802906e-02  
      107 -1.723703759196610e-02  
      108  5.333695536890737e-02  
      109 -7.832756586431514e-02  
      110  8.750056512232167e-02  
      111 -7.933452371484710e-02  
      112  5.573697356798157e-02  
      113 -2.160981240882468e-02  
      114 -1.616483149890430e-02  
      115  5.010927310916190e-02  
      116 -7.362753577555546e-02  
      117  8.228397558718029e-02  
      118 -7.463603651275781e-02  
      119  5.246558569204605e-02  
      120 -2.037384745708803e-02  
      121 -1.516969915680302e-02  
      122  4.712860697977742e-02  
      123 -6.928977491217317e-02  
      124  7.746862246238120e-02  
      125 -7.029590205111906e-02  
      126  4.943889308848862e-02  
      127 -1.922310764064488e-02  
      128 -1.426123681906511e-02  
      129  4.438408647805060e-02  
      130 -6.528594692431659e-02  
      131  7.301529192840447e-02  
      132 -6.627267637124108e-02  
      133  4.662202601424252e-02  
      134 -1.813639952623118e-02  
      135 -1.344298933922287e-02  
      136  4.186147958297370e-02  
      137 -6.158763922204153e-02  
      138  6.888781821067420e-02  
      139 -6.253024980360522e-02  
      140  4.398644228718104e-02  
      141 -1.709841061066831e-02  
      142 -1.271433212849827e-02  
      143  3.954492068920189e-02  
      144 -5.816757050163151e-02  
      145  6.505354802062352e-02  
      146 -5.903752601553779e-02  
      147  4.150895361637382e-02  
      148 -1.609834774107999e-02  
      149 -1.207189176300755e-02  
      150  3.741807384625412e-02  
      151 -5.500026058072252e-02  
      152  6.148340652143401e-02  
      153 -5.576791375926635e-02  
      154  3.917079599309347e-02  
      155 -1.512881989181949e-02  
      156 -1.151059289824261e-02  
      157  3.546488503966486e-02  
      158 -5.206234363312764e-02  
      159  5.815173271781123e-02  
      160 -5.269875227467711e-02  
      161  3.695679754495362e-02  
      162 -1.418494668637053e-02  
      163 -1.102441108834135e-02  
      164  3.367004139500729e-02  
      165 -4.933265249085586e-02  
      166  5.503599395271347e-02  
      167 -4.981074074055613e-02  
      168  3.485466395892652e-02  
      169 -1.326366310580003e-02  
      170 -1.060689972692527e-02  
      171  3.201922608996501e-02  
      172 -4.679216266429188e-02  
      173  5.211644931174048e-02  
      174 -4.708740974686654e-02  
      175  3.285438257425609e-02  
      176 -1.236318782872512e-02  
      177 -1.025154728939357e-02  
      178  3.049923467752090e-02  
      179 -4.442385648593473e-02  
      180  4.937580470020517e-02  
      181 -4.451465243256521e-02  
      182  3.094773619438262e-02  
      183 -1.148262395869322e-02  
      184 -9.952009763323335e-03  
      185  2.909800057100528e-02  
      186 -4.221254756036313e-02  
      187  4.679888430431100e-02  
      188 -4.208032061076142e-02  
      189  2.912791310114382e-02  
      190 -1.062166429962735e-02  
      191 -9.702253249831649e-03  
      192  2.780456372983542e-02  
      193 -4.014469141690250e-02  
      194  4.437233133762554e-02  
      195 -3.977388411483847e-02  
      196  2.738919843525000e-02  
      197 -9.780377529311348e-03  
      198 -9.496633413075183e-03  
      199  2.660900629088714e-02  
      200  0.000000000000000e+00  
        1  1.860000000000000e-02  1.955864259093662e-01 
        0  0.000000000000000e+00  
        1  0.000000000000000e+00  
        2  7.117545944016090e-01  
        3  0.000000000000000e+00  
        4 -9.485733217994832e-01  
        5  0.000000000000000e+00  
        6  1.042737815037070e+00  
        7  0.000000000000000e+00  
        8 -1.058346296643020e+00  
        9  0.000000000000000e+00  
       10  1.023835867158730e+00  
       11  0.000000000000000e+00  
       12 -9.560507584614092e-01  
       13  0.000000000000000e+00  
       14  8.664588532271148e-01  
       15  0.000000000000000e+00  
       16 -7.634575472059337e-01  
       17  0.000000000000000e+00  
       18  6.534355098934822e-01  
       19  0.000000000000000e+00  
       20 -5.413422060748896e-01  
       21  0.000000000000000e+00  
       22  4.310309049412262e-01  
       23  0.000000000000000e+00  
       24 -3.254845647954278e-01  
       25  0.000000000000000e+00  
       26  2.269750906809463e-01  
       27  0.000000000000000e+00  
       28 -1.371816002923736e-01  
       29  0.000000000000000e+00  
       30  5.728187255684938e-02  
       31  0.000000000000000e+00  
       32  1.197453678195964e-02  
       33  0.000000000000000e+00  
       34 -7.020605862678507e-02  
       35  0.000000000000000e+00  
       36  1.173480365847151e-01  
       37  0.000000000000000e+00  
       38 -1.536081789464827e-01  
       39  0.000000000000000e+00  
       40  1.794266293867794e-01  
       41  0.000000000000000e+00  
       42 -1.954392812139582e-01  
       43  0.000000000000000e+00  
       44  2.024433717473887e-01  
       45  0.000000000000000e+00  
       46 -2.013647240623263e-01  
       47  0.000000000000000e+00  
       48  1.932262728867642e-01  
       49  0.000000000000000e+00  
       50 -1.791177302112299e-01  
       51  0.000000000000000e+00  
       52  1.601664199011991e-01  
       53  0.000000000000000e+00  
       54 -1.375094429806273e-01  
       55  0.000000000000000e+00  
       56  1.122674292965159e-01  
       57  0.000000000000000e+00  
       58 -8.552018995792499e-02  
       59  0.000000000000000e+00  
       60  5.828461149606085e-02  
       61  0.000000000000000e+00  
       62 -3.149513067237810e-02  
       63  0.000000000000000e+00  
       64  5.987102133254633e-03  
       65  0.000000000000000e+00  
       66  1.751667623058112e-02  
       67  0.000000000000000e+00  
       68 -3.841607908127545e-02  
       69  0.000000000000000e+00  
       70  5.624028528145673e-02  
       71  0.000000000000000e+00  
       72 -7.065088383074813e-02  
       73  0.000000000000000e+00  
       74  8.144150014580308e-02  
       75  0.000000000000000e+00  
       76 -8.853407642757775e-02  
       77  0.000000000000000e+00  
       78  9.197202413975099e-02  
       79  0.000000000000000e+00  
       80 -9.191054439069385e-02  
       81  0.000000000000000e+00  
       82  8.860448059596472e-02  
       83  0.000000000000000e+00  
       84 -8.239412499728864e-02  
       85  0.000000000000000e+00  
       86  7.368944472434126e-02  
       87  0.000000000000000e+00  
       88 -6.295322291904143e-02  
       89  0.000000000000000e+00  
       90  5.068362532857795e-02  
       91  0.000000000000000e+00  
       92 -3.739670255328708e-02  
       93  0.000000000000000e+00  
       94  2.360932313881539e-02  
       95  0.000000000000000e+00  
       96 -9.823003716943866e-03  
       97  0.000000000000000e+00  
       98 -3.490939369925689e-03  
       99  0.000000000000000e+00  
      100  1.590454551118903e-02  
      101  0.000000000000000e+00  
      102 -2.704436321742753e-02  
      103  0.000000000000000e+00  
      104  3.660036190031622e-02  
      105  0.000000000000000e+00  
      106 -4.433243700761533e-02  
      107  0.000000000000000e+00  
      108  5.007442058725627e-02  
      109  0.000000000000000e+00  
      110 -5.373558666523870e-02  
      111  0.000000000000000e+00  
      112  5.529971600187274e-02  
      113  0.000000000000000e+00  
      114 -5.482185563231878e-02  
      115  0.000000000000000e+00  
      116  5.242297308172574e-02  
      117  0.000000000000000e+00  
      118 -4.828276149964210e-02  
      119  0.000000000000000e+00  
      120  4.263089870386707e-02  
      121  0.000000000000000e+00  
      122 -3.573709911373689e-02  
      123  0.000000000000000e+00  
      124  2.790032199952350e-02  
      125  0.000000000000000e+00  
      126 -1.943751196552217e-02  
      127  0.000000000000000e+00  
      128  1.067224808542429e-02  
      129  0.000000000000000e+00  
      130 -1.923666956112638e-03  
      131  0.000000000000000e+00  
      132 -6.503997182340598e-03  
      133  0.000000000000000e+00  
      134  1.433094418793932e-02  
      135  0.000000000000000e+00  
      136 -2.131014128754594e-02  
      137  0.000000000000000e+00  
      138  2.723423542507262e-02  
      139  0.000000000000000e+00  
      140 -3.194087554474316e-02  
      141  0.000000000000000e+00  
      142  3.531633257405589e-02  
      143  0.000000000000000e+00  
      144 -3.729736347853319e-02  
      145  0.000000000000000e+00  
      146  3.787132416888311e-02  
      147  0.000000000000000e+00  
      148 -3.707459240856386e-02  
      149  0.000000000000000e+00  
      150  3.498941446749763e-02  
      151  0.000000000000000e+00  
      152 -3.173933653306087e-02  
      153  0.000000000000000e+00  
      154  2.748342247082076e-02  
      155  0.000000000000000e+00  
      156 -2.240949232196158e-02  
      157  0.000000000000000e+00  
      158  1.672664010693743e-02  
      159  0.000000000000000e+00  
      160 -1.065730454789426e-02  
      161  0.000000000000000e+00  
      162  4.429172005004051e-03  
      163  0.000000000000000e+00  
      164  1.732812670325244e-03  
      165  0.000000000000000e+00  
      166 -7.614064147524558e-03  
      167  0.000000000000000e+00  
      168  1.301736099590779e-02  
      169  0.000000000000000e+00  
      170 -1.776902197898720e-02  
      171  0.000000000000000e+00  
      172  2.172407406532877e-02  
      173  0.000000000000000e+00  
      174 -2.477027112375099e-02  
      175  0.000000000000000e+00  
      176  2.683086493198614e-02  
      177  0.000000000000000e+00  
      178 -2.786607478829067e-02  
      179  0.000000000000000e+00  
      180  2.787324715269822e-02  
      181  0.000000000000000e+00  
      182 -2.688574086014119e-02  
      183  0.000000000000000e+00  
      184  2.497061511499778e-02  
      185  0.000000000000000e+00  
      186 -2.222523538607477e-02  
      187  0.000000000000000e+00  
      188  1.877294531983635e-02  
      189  0.000000000000000e+00  
      190 -1.475797991599504e-02  
      191  0.000000000000000e+00  
      192  1.033981571951753e-02  
      193  0.000000000000000e+00  
      194 -5.687167170046943e-03  
      195  0.000000000000000e+00  
      196  9.718442554220044e-04  
      197  0.000000000000000e+00  
      198  3.637314766883623e-03  
      199  0.000000000000000e+00  
      200  0.000000000000000e+00  
        2 -3.725728518187325e-01  4.536759637534888e-01 
        0  0.000000000000000e+00  
        1  0.000000000000000e+00  
        2  5.703075217913911e-02  
        3  1.475208105805872e-01  
        4  2.402670899929056e-01  
        5  3.046746156211989e-01  
        6  3.181686937881810e-01  
        7  2.712295529542699e-01  
        8  1.691436085972361e-01  
        9  3.033713706343099e-02  
       10 -1.181114373690871e-01  
       11 -2.466392553870422e-01  
       12 -3.296388238990512e-01  
       13 -3.508035494188034e-01  
       14 -3.063280719059613e-01  
       15 -2.054165569383928e-01  
       16 -6.812991272562387e-02  
       17  7.886531027391534e-02  
       18  2.076987884208453e-01  
       19  2.947281402834082e-01  
       20  3.249361990519632e-01  
       21  2.944891880914061e-01  
       22  2.110500002892935e-01  
       23  9.189327142738259e-02  
       24 -3.971451217847290e-02  
       25 -1.591024878835034e-01  
       26 -2.448414179533897e-01  
       27 -2.825762666019747e-01  
       28 -2.673712407549778e-01  
       29 -2.042051451829756e-01  
       30 -1.066163632910125e-01  
       31  6.161839349778075e-03  
       32  1.129751761666046e-01  
       33  1.946953821290493e-01  
       34  2.376108512921564e-01  
       35  2.356702728478018e-01  
       36  1.912275412469459e-01  
       37  1.142261562774544e-01  
       38  2.004715600404023e-02  
       39 -7.352495353865435e-02  
       40 -1.496272641155488e-01  
       41 -1.953203828116415e-01  
       42 -2.037415187917924e-01  
       43 -1.750614752494423e-01  
       44 -1.161301193308359e-01  
       45 -3.893600539439770e-02  
       46  4.178734041980468e-02  
       47  1.113386403906805e-01  
       48  1.576930573096964e-01  
       49  1.735447255179840e-01  
       50  1.574084515618263e-01  
       51  1.136255308653470e-01  
       52  5.132203140093956e-02  
       53 -1.744656840457990e-02  
       54 -7.999511869460202e-02  
       55 -1.253203324541400e-01  
       56 -1.460084074248873e-01  
       57 -1.394135761357734e-01  
       58 -1.079272910121344e-01  
       59 -5.832872405674425e-02  
       60 -3.726584984515489e-04  
       61  5.509869397594825e-02  
       62  9.815981897452347e-02  
       63  1.215559564735599e-01  
       64  1.219012191399583e-01  
       65  1.001276120720971e-01  
       66  6.113472639881432e-02  
       67  1.273613687106725e-02  
       68 -3.587833585463387e-02  
       69 -7.586661334436343e-02  
       70 -1.003248726717392e-01  
       71 -1.054616616605359e-01  
       72 -9.115925467435963e-02  
       73 -6.084467406525032e-02  
       74 -2.072110300420978e-02  
       75  2.147536849169135e-02  
       76  5.794877910002134e-02  
       77  8.226880182908926e-02  
       78  9.049064483540101e-02  
       79  8.177678520059088e-02  
       80  5.842615336499817e-02  
       81  2.532816043920096e-02  
       82 -1.103654771327269e-02  
       83 -4.384833424202630e-02  
       84 -6.721464229205006e-02  
       85 -7.721703693945320e-02  
       86 -7.255513200329392e-02  
       87 -5.468410899151713e-02  
       88 -2.743940752254685e-02  
       89  3.763232926356393e-03  
       90  3.298918120084861e-02  
       91  5.490226209744944e-02  
       92  6.572959454183047e-02  
       93  6.390109835482065e-02  
       94  5.025715040668445e-02  
       95  2.780156276418677e-02  
       96  1.062078088810993e-03  
       97 -2.480884402165890e-02  
       98 -4.501662729441695e-02  
       99 -5.600489367612862e-02  
      100 -5.607326909919863e-02  
      101 -4.562682680108898e-02  
      102 -2.702355185612645e-02  
      103 -4.062292941745097e-03  
      104  1.878069398241424e-02  
      105  3.721520223813325e-02  
      106  4.793551132949267e-02  
      107  4.920645236751450e-02  
      108  4.113440124189624e-02  
      109  2.558293012765729e-02  
      110  5.760818202549799e-03  
      111 -1.442926983292967e-02  
      112 -3.115101314444462e-02  
      113 -4.135685163574829e-02  
      114 -4.333765923779796e-02  
      115 -3.700154597558102e-02  
      116 -2.383780191196307e-02  
      117 -6.582766575264341e-03  
      118  1.133983210052258e-02  
      119  2.649113273094015e-02  
      120  3.607119216599129e-02  
      121  3.843142057814064e-02  
      122  3.335248967692225e-02  
      123  2.204199846136516e-02  
      124  6.860668337836454e-03  
      125 -9.162895600680778e-03  
      126 -2.293041344674412e-02  
      127 -3.186798067556412e-02  
      128 -3.440292238002463e-02  
      129 -3.023586648947544e-02  
      130 -2.036185679244605e-02  
      131 -6.843396645394214e-03  
      132  7.614478108666545e-03  
      133  2.020057926611861e-02  
      134  2.853989849191976e-02  
      135  3.113800859836808e-02  
      136  2.764503825432503e-02  
      137  1.889331009459821e-02  
      138  6.707165029369580e-03  
      139 -6.472889763797729e-03  
      140 -1.807507514535578e-02  
      141 -2.589462801498539e-02  
      142 -2.850956344090658e-02  
      143 -2.553607457523275e-02  
      144 -1.767828930200824e-02  
      145 -6.567574708076521e-03  
      146  5.572948606412745e-03  
      147  1.637029091514853e-02  
      148  2.376258662805074e-02  
      149  2.639015218599634e-02  
      150  2.384291762975331e-02  
      151  1.671969521789187e-02  
      152  6.491827709634124e-03  
      153 -4.798505933511382e-03  
      154 -1.494390242003744e-02  
      155 -2.200111355615407e-02  
      156 -2.466107845790561e-02  
      157 -2.248954273710174e-02  
      158 -1.599444323692685e-02  
      159 -6.510386254393907e-03  
      160  4.074100682266467e-03  
      161  1.369111263628615e-02  
      162  2.049572815506536e-02  
      163  2.321821375722178e-02  
      164  2.139915457570511e-02  
      165  1.546430481570821e-02  
      166  6.627539468401204e-03  
      167 -3.356449368189166e-03  
      168 -1.253954536057368e-02  
      169 -1.915913160532975e-02  
      170 -2.197508019370258e-02  
      171 -2.050063312128873e-02  
      172 -1.508446367020547e-02  
      173 -6.830520642152229e-03  
      174  2.626336028404482e-03  
      175  1.144346316621682e-02  
      176  1.792861505699155e-02  
      177  2.086372948518193e-02  
      178  1.973256438575819e-02  
      179  1.480986342287004e-02  
      180  7.096988150483463e-03  
      181 -1.881313187767176e-03  
      182 -1.037786859620298e-02  
      183 -1.676248228835508e-02  
      184 -1.983397131963172e-02  
      185 -1.904526264264636e-02  
      186 -1.459954325039691e-02  
      187 -7.400830348253374e-03  
      188  1.129475075437800e-03  
      189  9.332919742672856e-03  
      190  1.563600941668975e-02  
      191  1.885147379549951e-02  
      192  1.840121902889255e-02  
      193  1.441923857481710e-02  
      194  7.716372783244325e-03  
      195 -3.844293062398523e-04  
      196 -8.308962150741429e-03  
      197 -1.453736197578759e-02  
      198 -1.789519953179822e-02  
      199 -1.777440388396687e-02  
      200  0.000000000000000e+00  
        3  4.097728518187325e-01  4.536759637534888e-01 
        0  0.000000000000000e+00  
        1  0.000000000000000e+00  
        2  5.703075217913911e-02  
        3 -1.475208105805872e-01  
        4  2.402670899929056e-01  
        5 -3.046746156211989e-01  
        6  3.181686937881810e-01  
        7 -2.712295529542699e-01  
        8  1.691436085972361e-01  
        9 -3.033713706343099e-02  
       10 -1.181114373690871e-01  
       11  2.466392553870422e-01  
       12 -3.296388238990512e-01  
       13  3.508035494188034e-01  
       14 -3.063280719059613e-01  
       15  2.054165569383928e-01  
       16 -6.812991272562387e-02  
       17 -7.886531027391534e-02  
       18  2.076987884208453e-01  
       19 -2.947281402834082e-01  
       20  3.249361990519632e-01  
       21 -2.944891880914061e-01  
       22  2.110500002892935e-01  
       23 -9.189327142738259e-02  
       24 -3.971451217847290e-02  
       25  1.591024878835034e-01  
       26 -2.448414179533897e-01  
       27  2.825762666019747e-01  
       28 -2.673712407549778e-01  
       29  2.042051451829756e-01  
       30 -1.066163632910125e-01  
       31 -6.161839349778075e-03  
       32  1.129751761666046e-01  
       33 -1.946953821290493e-01  
       34  2.376108512921564e-01  
       35 -2.356702728478018e-01  
       36  1.912275412469459e-01  
       37 -1.142261562774544e-01  
       38  2.004715600404023e-02  
       39  7.352495353865435e-02  
       40 -1.496272641155488e-01  
       41  1.953203828116415e-01  
       42 -2.037415187917924e-01  
       43  1.750614752494423e-01  
       44 -1.161301193308359e-01  
       45  3.893600539439770e-02  
       46  4.178734041980468e-02  
       47 -1.113386403906805e-01  
       48  1.576930573096964e-01  
       49 -1.735447255179840e-01  
       50  1.574084515618263e-01  
       51 -1.136255308653470e-01  
       52  5.132203140093956e-02  
       53  1.744656840457990e-02  
       54 -7.999511869460202e-02  
       55  1.253203324541400e-01  
       56 -1.460084074248873e-01  
       57  1.394135761357734e-01  
       58 -1.079272910121344e-01  
       59  5.832872405674425e-02  
       60 -3.726584984515489e-04  
       61 -5.509869397594825e-02  
       62  9.815981897452347e-02  
       63 -1.215559564735599e-01  
       64  1.219012191399583e-01  
       65 -1.001276120720971e-01  
       66  6.113472639881432e-02  
       67 -1.273613687106725e-02  
       68 -3.587833585463387e-02  
       69  7.586661334436343e-02  
       70 -1.003248726717392e-01  
       71  1.054616616605359e-01  
       72 -9.115925467435963e-02  
       73  6.084467406525032e-02  
       74 -2.072110300420978e-02  
       75 -2.147536849169135e-02  
       76  5.794877910002134e-02  
       77 -8.226880182908926e-02  
       78  9.049064483540101e-02  
       79 -8.177678520059088e-02  
       80  5.842615336499817e-02  
       81 -2.532816043920096e-02  
       82 -1.103654771327269e-02  
       83  4.384833424202630e-02  
       84 -6.721464229205006e-02  
       85  7.721703693945320e-02  
       86 -7.255513200329392e-02  
       87  5.468410899151713e-02  
       88 -2.743940752254685e-02  
       89 -3.763232926356393e-03  
       90  3.298918120084861e-02  
       91 -5.490226209744944e-02  
       92  6.572959454183047e-02  
       93 -6.390109835482065e-02  
       94  5.025715040668445e-02  
       95 -2.780156276418677e-02  
       96  1.062078088810993e-03  
       97  2.480884402165890e-02  
       98 -4.501662729441695e-02  
       99  5.600489367612862e-02  
      100 -5.607326909919863e-02  
      101  4.562682680108898e-02  
      102 -2.702355185612645e-02  
      103  4.062292941745097e-03  
      104  1.878069398241424e-02  
      105 -3.721520223813325e-02  
      106  4.793551132949267e-02  
      107 -4.920645236751450e-02  
      108  4.113440124189624e-02  
      109 -2.558293012765729e-02  
      110  5.760818202549799e-03  
      111  1.442926983292967e-02  
      112 -3.115101314444462e-02  
      113  4.135685163574829e-02  
      114 -4.333765923779796e-02  
      115  3.700154597558102e-02  
      116 -2.383780191196307e-02  
      117  6.582766575264341e-03  
      118  1.133983210052258e-02  
      119 -2.649113273094015e-02  
      120  3.607119216599129e-02  
      121 -3.843142057814064e-02  
      122  3.335248967692225e-02  
      123 -2.204199846136516e-02  
      124  6.860668337836454e-03  
      125  9.162895600680778e-03  
      126 -2.293041344674412e-02  
      127  3.186798067556412e-02  
      128 -3.440292238002463e-02  
      129  3.023586648947544e-02  
      130 -2.036185679244605e-02  
      131  6.843396645394214e-03  
      132  7.614478108666545e-03  
      133 -2.020057926611861e-02  
      134  2.853989849191976e-02  
      135 -3.113800859836808e-02  
      136  2.764503825432503e-02  
      137 -1.889331009459821e-02  
      138  6.707165029369580e-03  
      139  6.472889763797729e-03  
      140 -1.807507514535578e-02  
      141  2.589462801498539e-02  
      142 -2.850956344090658e-02  
      143  2.553607457523275e-02  
      144 -1.767828930200824e-02  
      145  6.567574708076521e-03  
      146  5.572948606412745e-03  
      147 -1.637029091514853e-02  
      148  2.376258662805074e-02  
      149 -2.639015218599634e-02  
      150  2.384291762975331e-02  
      151 -1.671969521789187e-02  
      152  6.491827709634124e-03  
      153  4.798505933511382e-03  
      154 -1.494390242003744e-02  
      155  2.200111355615407e-02  
      156 -2.466107845790561e-02  
      157  2.248954273710174e-02  
      158 -1.599444323692685e-02  
      159  6.510386254393907e-03  
      160  4.074100682266467e-03  
      161 -1.369111263628615e-02  
      162  2.049572815506536e-02  
      163 -2.321821375722178e-02  
      164  2.139915457570511e-02  
      165 -1.546430481570821e-02  
      166  6.627539468401204e-03  
      167  3.356449368189166e-03  
      168 -1.253954536057368e-02  
      169  1.915913160532975e-02  
      170 -2.197508019370258e-02  
      171  2.050063312128873e-02  
      172 -1.508446367020547e-02  
      173  6.830520642152229e-03  
      174  2.626336028404482e-03  
      175 -1.144346316621682e-02  
      176  1.792861505699155e-02  
      177 -2.086372948518193e-02  
      178  1.973256438575819e-02  
      179 -1.480986342287004e-02  
      180  7.096988150483463e-03  
      181  1.881313187767176e-03  
      182 -1.037786859620298e-02  
      183  1.676248228835508e-02  
      184 -1.983397131963172e-02  
      185  1.904526264264636e-02  
      186 -1.459954325039691e-02  
      187  7.400830348253374e-03  
      188  1.129475075437800e-03  
      189 -9.332919742672856e-03  
      190  1.563600941668975e-02  
      191 -1.885147379549951e-02  
      192  1.840121902889255e-02  
      193 -1.441923857481710e-02  
      194  7.716372783244325e-03  
      195  3.844293062398523e-04  
      196 -8.308962150741429e-03  
      197  1.453736197578759e-02  
      198 -1.789519953179822e-02  
      199  1.777440388396687e-02  
      200  0.000000000000000e+00  
        1  1.860000000000000e-02  3.935397946840954e-01 
        0  0.000000000000000e+00  
        1  0.000000000000000e+00  
        2 -9.828708690161972e-02  
        3  0.000000000000000e+00  
        4  1.448070087606250e-01  
        5  0.000000000000000e+00  
        6 -1.772564433688914e-01  
        7  0.000000000000000e+00  
        8  2.019010957186962e-01  
        9  0.000000000000000e+00  
       10 -2.210803345183736e-01  
       11  0.000000000000000e+00  
       12  2.359646097642034e-01  
       13  0.000000000000000e+00  
       14 -2.472454572408352e-01  
       15  0.000000000000000e+00  
       16  2.553816534198814e-01  
       17  0.000000000000000e+00  
       18 -2.607064743048197e-01  
       19  0.000000000000000e+00  
       20  2.634808807670251e-01  
       21  0.000000000000000e+00  
       22 -2.639223471279913e-01  
       23  0.000000000000000e+00  
       24  2.622214985043324e-01  
       25  0.000000000000000e+00  
       26 -2.585521362604106e-01  
       27  0.000000000000000e+00  
       28  2.530774434681969e-01  
       29  0.000000000000000e+00  
       30 -2.459538680475486e-01  
       31  0.000000000000000e+00  
       32  2.373335343027995e-01  
       33  0.000000000000000e+00  
       34 -2.273656900357160e-01  
       35  0.000000000000000e+00  
       36  2.161975045508016e-01  
       37  0.000000000000000e+00  
       38 -2.039744210057065e-01  
       39  0.000000000000000e+00  
       40  1.908401988628964e-01  
       41  0.000000000000000e+00  
       42 -1.769367398603148e-01  
       43  0.000000000000000e+00  
       44  1.624037636435988e-01  
       45  0.000000000000000e+00  
       46 -1.473783811454140e-01  
       47  0.000000000000000e+00  
       48  1.319946015316355e-01  
       49  0.000000000000000e+00  
       50 -1.163827999920504e-01  
       51  0.000000000000000e+00  
       52  1.006691675559230e-01  
       53  0.000000000000000e+00  
       54 -8.497515965077843e-02  
       55  0.000000000000000e+00  
       56  6.941695677356041e-02  
       57  0.000000000000000e+00  
       58 -5.410494806350271e-02  
       59  0.000000000000000e+00  
       60  3.914324652635239e-02  
       61  0.000000000000000e+00  
       62 -2.462924300484904e-02  
       63  0.000000000000000e+00  
       64  1.065320461437024e-02  
       65  0.000000000000000e+00  
       66  2.702077808023662e-03  
       67  0.000000000000000e+00  
       68 -1.536158970940457e-02  
       69  0.000000000000000e+00  
       70  2.725833764800353e-02  
       71  0.000000000000000e+00  
       72 -3.833353711261035e-02  
       73  0.000000000000000e+00  
       74  4.853674223464909e-02  
       75  0.000000000000000e+00  
       76 -5.782591695902978e-02  
       77  0.000000000000000e+00  
       78  6.616744785087918e-02  
       79  0.000000000000000e+00  
       80 -7.353609927733259e-02  
       81  0.000000000000000e+00  
       82  7.991491222068035e-02  
       83  0.000000000000000e+00  
       84 -8.529504845391601e-02  
       85  0.000000000000000e+00  
       86  8.967558224379177e-02  
       87  0.000000000000000e+00  
       88 -9.306324214086789e-02  
       89  0.000000000000000e+00  
       90  9.547210577134337e-02  
       91  0.000000000000000e+00  
       92 -9.692325086200958e-02  
       93  0.000000000000000e+00  
       94  9.744436600768108e-02  
       95  0.000000000000000e+00  
       96 -9.706932493008522e-02  
       97  0.000000000000000e+00  
       98  9.583772817861404e-02  
       99  0.000000000000000e+00  
      100 -9.379441638683042e-02  
      101  0.000000000000000e+00  
      102  9.098895932453142e-02  
      103  0.000000000000000e+00  
      104 -8.747512507403798e-02  
      105  0.000000000000000e+00  
      106  8.331033371185669e-02  
      107  0.000000000000000e+00  
      108 -7.855509989379832e-02  
      109  0.000000000000000e+00  
      110  7.327246872404473e-02  
      111  0.000000000000000e+00  
      112 -6.752744923772618e-02  
      113  0.000000000000000e+00  
      114  6.138644974366215e-02  
      115  0.000000000000000e+00  
      116 -5.491671916056123e-02  
      117  0.000000000000000e+00  
      118  4.818579833785352e-02  
      119  0.000000000000000e+00  
      120 -4.126098518327722e-02  
      121  0.000000000000000e+00  
      122  3.420881722532750e-02  
      123  0.000000000000000e+00  
      124 -2.709457502178943e-02  
      125  0.000000000000000e+00  
      126  1.998180958801733e-02  
      127  0.000000000000000e+00  
      128 -1.293189676267185e-02  
      129  0.000000000000000e+00  
      130  6.003621156651074e-03  
      131  0.000000000000000e+00  
      132  7.472079546348938e-04  
      133  0.000000000000000e+00  
      134 -7.268106732233292e-03  
      135  0.000000000000000e+00  
      136  1.351023110985887e-02  
      137  0.000000000000000e+00  
      138 -1.942865391893814e-02  
      139  0.000000000000000e+00  
      140  2.498260367139293e-02  
      141  0.000000000000000e+00  
      142 -3.013566418565376e-02  
      143  0.000000000000000e+00  
      144  3.485593455685607e-02  
      145  0.000000000000000e+00  
      146 -3.911614928417752e-02  
      147  0.000000000000000e+00  
      148  4.289375867456693e-02  
      149  0.000000000000000e+00  
      150 -4.617096994052861e-02  
      151  0.000000000000000e+00  
      152  4.893474969810147e-02  
      153  0.000000000000000e+00  
      154 -5.117678884776759e-02  
      155  0.000000000000000e+00  
      156  5.289343108392928e-02  
      157  0.000000000000000e+00  
      158 -5.408556652613304e-02  
      159  0.000000000000000e+00  
      160  5.475849219587157e-02  
      161  0.000000000000000e+00  
      162 -5.492174127519436e-02  
      163  0.000000000000000e+00  
      164  5.458888327630172e-02  
      165  0.000000000000000e+00  
      166 -5.377729742375401e-02  
      167  0.000000000000000e+00  
      168  5.250792170203703e-02  
      169  0.000000000000000e+00  
      170 -5.080498015030553e-02  
      171  0.000000000000000e+00  
      172  4.869569109267219e-02  
      173  0.000000000000000e+00  
      174 -4.620995907609523e-02  
      175  0.000000000000000e+00  
      176  4.338005334859202e-02  
      177  0.000000000000000e+00  
      178 -4.024027574819573e-02  
      179  0.000000000000000e+00  
      180  3.682662088797300e-02  
      181  0.000000000000000e+00  
      182 -3.317643151489481e-02  
      183  0.000000000000000e+00  
      184  2.932805189092555e-02  
      185  0.000000000000000e+00  
      186 -2.532048199404287e-02  
      187  0.000000000000000e+00  
      188  2.119303526584560e-02  
      189  0.000000000000000e+00  
      190 -1.698500254191226e-02  
      191  0.000000000000000e+00  
      192  1.273532469222178e-02  
      193  0.000000000000000e+00  
      194 -8.482276372949484e-03  
      195  0.000000000000000e+00  
      196  4.263163149112805e-03  
      197  0.000000000000000e+00  
      198 -1.140340912692796e-04  
      199  0.000000000000000e+00  
      200  0.000000000000000e+00  
        2 -7.684795893681909e-01  8.964637252697383e-01 
        0  0.000000000000000e+00  
        1  0.000000000000000e+00  
        2 -8.315038509435005e-03  
        3 -2.190137841980473e-02  
        4 -3.609720548686795e-02  
        5 -4.591190166069403e-02  
        6 -4.737265158556866e-02  
        7 -3.859808879660031e-02  
        8 -2.034274094550934e-02  
        9  4.112725543614752e-03  
       10  2.969383141772704e-02  
       11  5.070996203880192e-02  
       12  6.219841627039713e-02  
       13  6.111989571940069e-02  
       14  4.712700348939440e-02  
       15  2.272656459027203e-02  
       16 -7.204880214747070e-03  
       17 -3.644685993543597e-02  
       18 -5.877530321564694e-02  
       19 -6.932098972261526e-02  
       20 -6.564617994781113e-02  
       21 -4.830203250301041e-02  
       22 -2.074352254506651e-02  
       23  1.138126481190872e-02  
       24  4.141511391240384e-02  
       25  6.309502823362745e-02  
       26  7.187491720941794e-02  
       27  6.588614768902430e-02  
       28  4.633302823988066e-02  
       29  1.724137592813727e-02  
       30 -1.538429722325415e-02  
       31 -4.481505818647898e-02  
       32 -6.499812135100409e-02  
       33 -7.180992722979022e-02  
       34 -6.390127145903689e-02  
       35 -4.296151994205107e-02  
       36 -1.335160912415870e-02  
       37  1.881271022519266e-02  
       38  4.693264629535784e-02  
       39  6.528692164085649e-02  
       40  7.019943162067495e-02  
       41  6.077535213558457e-02  
       42  3.905881086248627e-02  
       43  9.586096407973472e-03  
       44 -2.156701104740832e-02  
       45 -4.804255717366109e-02  
       46 -6.450124211079915e-02  
       47 -6.770011598032052e-02  
       48 -5.712969298539246e-02  
       49 -3.508602216316583e-02  
       50 -6.170331396447246e-03  
       51  2.367426688715323e-02  
       52  4.838670813667458e-02  
       53  6.302004133160251e-02  
       54  6.473107837646483e-02  
       55  5.332996573429268e-02  
       56  3.128427001891531e-02  
       57  3.184415025098575e-03  
       58 -2.521355942637879e-02  
       59 -4.816801014753716e-02  
       60 -6.111243137116259e-02  
       61 -6.156239918058286e-02  
       62 -4.958904284068825e-02  
       63 -2.776968358967415e-02  
       64 -6.332409593726693e-04  
       65  2.628026227313567e-02  
       66  4.755070961322069e-02  
       67  5.896857136000466e-02  
       68  5.836604449340166e-02  
       69  4.602505478523188e-02  
       70  2.458621127160559e-02  
       71 -1.515602038056236e-03  
       72 -2.696847075415322e-02  
       73 -4.666387673121260e-02  
       74 -5.672071917166109e-02  
       75 -5.524799105914466e-02  
       76 -4.269675099629364e-02  
       77 -2.173673602959378e-02  
       78  3.310661990857714e-03  
       79  2.736279811971026e-02  
       80  4.560622783942887e-02  
       81  5.445852827618834e-02  
       82  5.226964949139716e-02  
       83  3.962598249282061e-02  
       84  1.920192842171360e-02  
       85 -4.804814398382788e-03  
       86 -2.753520745569497e-02  
       87 -4.445126183325442e-02  
       88 -5.224050132793104e-02  
       89 -4.946258183669983e-02  
       90 -3.681230069304612e-02  
       91 -1.695173808642597e-02  
       92  6.048905951638833e-03  
       93  2.754454645055391e-02  
       94  4.325215010875744e-02  
       95  5.010265349646294e-02  
       96  4.683874463006330e-02  
       97  3.424248925820319e-02  
       98  1.495230807551765e-02  
       99 -7.088625453714275e-03  
      100 -2.743746655292890e-02  
      101 -4.204609914208222e-02  
      102 -4.806505827906629e-02  
      103 -4.439762926140647e-02  
      104 -3.189674455513081e-02  
      105 -1.316999529091938e-02  
      106  7.963273800420922e-03  
      107  2.724996792729719e-02  
      108  4.085807481226421e-02  
      109  4.613675574355215e-02  
      110  4.213120548588967e-02  
      111  2.975260791415787e-02  
      112  1.157355708132844e-02  
      113 -8.705620347933010e-03  
      114 -2.700913724248548e-02  
      115 -3.970387778963113e-02  
      116 -4.431938926661035e-02  
      117 -4.002729587517834e-02  
      118 -2.778738498082290e-02  
      119 -1.013518806032178e-02  
      120  9.342344177560394e-03  
      121  2.673484016788391e-02  
      122  3.859261476238798e-02  
      123  4.260985925491473e-02  
      124  3.807182946162344e-02  
      125  2.597955289542076e-02  
      126  8.830853651309957e-03  
      127 -9.894752751379575e-03  
      128 -2.644124808062073e-02  
      129 -3.752863730778028e-02  
      130 -4.100222376104044e-02  
      131 -3.625029976501661e-02  
      132 -2.430949987528831e-02  
      133 -7.640212042497600e-03  
      134  1.037959350891458e-02  
      135  2.613814887983169e-02  
      136  3.651302966570433e-02  
      137  3.948902905923097e-02  
      138  3.454866454657957e-02  
      139  2.275983476448508e-02  
      140  6.546313432401253e-03  
      141 -1.080985242813860e-02  
      142 -2.583203274331449e-02  
      143 -3.554472571992309e-02  
      144 -3.806221487023100e-02  
      145 -3.295386035714167e-02  
      146 -2.131542950387603e-02  
      147 -5.535196595642288e-03  
      148  1.119548332511440e-02  
      149  2.552696614216116e-02  
      150  3.462132884080952e-02  
      151  3.671370735479276e-02  
      152  3.145405730893042e-02  
      153  1.996330502186693e-02  
      154  4.595456677407453e-03  
      155 -1.154404266580963e-02  
      156 -2.522527843262499e-02  
      157 -3.373969891610110e-02  
      158 -3.543578718071995e-02  
      159 -3.003874404675793e-02  
      160 -1.869243412917436e-02  
      161 -3.717827454967250e-03  
      162  1.186122337514534e-02  
      163  2.492808936858599e-02  
      164  3.289636077112359e-02  
      165  3.422129908972082e-02  
      166  2.869870655712282e-02  
      167  1.749350913867774e-02  
      168  2.894801211598994e-03  
      169 -1.215129182860304e-02  
      170 -2.463570582845879e-02  
      171 -3.208777836606048e-02  
      172 -3.306375272673637e-02  
      173 -2.742594501014861e-02  
      174 -1.635870398885862e-02  
      175 -2.120296515159883e-03  
      176  1.241743776087593e-02  
      177  2.434791379229350e-02  
      178  3.131053025407724e-02  
      179  3.195735138449077e-02  
      180  2.621355861267122e-02  
      181  1.528144838431337e-02  
      182  1.389376265405598e-03  
      183 -1.266204914256255e-02  
      184 -2.406418831457207e-02  
      185 -3.056141406025842e-02  
      186 -3.089697515521688e-02  
      187 -2.505561818655219e-02  
      188 -1.425622325419261e-02  
      189 -6.980137553897038e-04  
      190  1.288692444106615e-02  
      191  2.378384063552626e-02  
      192  2.983750126239540e-02  
      193  2.987813722769671e-02  
      194  2.394703889098820e-02  
      195  1.327838148437958e-02  
      196  4.290205561765395e-05  
      197 -1.309343394179152e-02  
      198 -2.350611807727068e-02  
      199 -2.913615826540829e-02  
      200  0.000000000000000e+00  
        3  8.056795893681908e-01  8.964637252697382e-01 
        0  0.000000000000000e+00  
        1  0.000000000000000e+00  
        2 -8.315038509435008e-03  
        3  2.190137841980475e-02  
        4 -3.609720548686796e-02  
        5  4.591190166069401e-02  
        6 -4.737265158556865e-02  
        7  3.859808879660028e-02  
        8 -2.034274094550931e-02  
        9 -4.112725543614773e-03  
       10  2.969383141772703e-02  
       11 -5.070996203880190e-02  
       12  6.219841627039708e-02  
       13 -6.111989571940063e-02  
       14  4.712700348939436e-02  
       15 -2.272656459027199e-02  
       16 -7.204880214747082e-03  
       17  3.644685993543596e-02  
       18 -5.877530321564690e-02  
       19  6.932098972261519e-02  
       20 -6.564617994781105e-02  
       21  4.830203250301036e-02  
       22 -2.074352254506647e-02  
       23 -1.138126481190874e-02  
       24  4.141511391240381e-02  
       25 -6.309502823362741e-02  
       26  7.187491720941785e-02  
       27 -6.588614768902425e-02  
       28  4.633302823988060e-02  
       29 -1.724137592813725e-02  
       30 -1.538429722325414e-02  
       31  4.481505818647896e-02  
       32 -6.499812135100402e-02  
       33  7.180992722979014e-02  
       34 -6.390127145903682e-02  
       35  4.296151994205103e-02  
       36 -1.335160912415868e-02  
       37 -1.881271022519265e-02  
       38  4.693264629535776e-02  
       39 -6.528692164085642e-02  
       40  7.019943162067489e-02  
       41 -6.077535213558449e-02  
       42  3.905881086248621e-02  
       43 -9.586096407973456e-03  
       44 -2.156701104740830e-02  
       45  4.804255717366103e-02  
       46 -6.450124211079908e-02  
       47  6.770011598032044e-02  
       48 -5.712969298539241e-02  
       49  3.508602216316579e-02  
       50 -6.170331396447246e-03  
       51 -2.367426688715318e-02  
       52  4.838670813667451e-02  
       53 -6.302004133160242e-02  
       54  6.473107837646476e-02  
       55 -5.332996573429259e-02  
       56  3.128427001891528e-02  
       57 -3.184415025098576e-03  
       58 -2.521355942637874e-02  
       59  4.816801014753708e-02  
       60 -6.111243137116249e-02  
       61  6.156239918058275e-02  
       62 -4.958904284068819e-02  
       63  2.776968358967412e-02  
       64 -6.332409593726861e-04  
       65 -2.628026227313561e-02  
       66  4.755070961322061e-02  
       67 -5.896857136000457e-02  
       68  5.836604449340158e-02  
       69 -4.602505478523181e-02  
       70  2.458621127160556e-02  
       71  1.515602038056214e-03  
       72 -2.696847075415315e-02  
       73  4.666387673121251e-02  
       74 -5.672071917166099e-02  
       75  5.524799105914455e-02  
       76 -4.269675099629358e-02  
       77  2.173673602959375e-02  
       78  3.310661990857689e-03  
       79 -2.736279811971019e-02  
       80  4.560622783942878e-02  
       81 -5.445852827618824e-02  
       82  5.226964949139707e-02  
       83 -3.962598249282055e-02  
       84  1.920192842171358e-02  
       85  4.804814398382751e-03  
       86 -2.753520745569488e-02  
       87  4.445126183325431e-02  
       88 -5.224050132793091e-02  
       89  4.946258183669971e-02  
       90 -3.681230069304606e-02  
       91  1.695173808642596e-02  
       92  6.048905951638801e-03  
       93 -2.754454645055382e-02  
       94  4.325215010875733e-02  
       95 -5.010265349646282e-02  
       96  4.683874463006320e-02  
       97 -3.424248925820313e-02  
       98  1.495230807551763e-02  
       99  7.088625453714231e-03  
      100 -2.743746655292882e-02  
      101  4.204609914208209e-02  
      102 -4.806505827906616e-02  
      103  4.439762926140635e-02  
      104 -3.189674455513074e-02  
      105  1.316999529091937e-02  
      106  7.963273800420872e-03  
      107 -2.724996792729709e-02  
      108  4.085807481226407e-02  
      109 -4.613675574355203e-02  
      110  4.213120548588956e-02  
      111 -2.975260791415781e-02  
      112  1.157355708132844e-02  
      113  8.705620347932951e-03  
      114 -2.700913724248537e-02  
      115  3.970387778963100e-02  
      116 -4.431938926661021e-02  
      117  4.002729587517824e-02  
      118 -2.778738498082285e-02  
      119  1.013518806032178e-02  
      120  9.342344177560332e-03  
      121 -2.673484016788380e-02  
      122  3.859261476238783e-02  
      123 -4.260985925491458e-02  
      124  3.807182946162334e-02  
      125 -2.597955289542070e-02  
      126  8.830853651309962e-03  
      127  9.894752751379505e-03  
      128 -2.644124808062061e-02  
      129  3.752863730778012e-02  
      130 -4.100222376104030e-02  
      131  3.625029976501649e-02  
      132 -2.430949987528825e-02  
      133  7.640212042497608e-03  
      134  1.037959350891451e-02  
      135 -2.613814887983157e-02  
      136  3.651302966570417e-02  
      137 -3.948902905923082e-02  
      138  3.454866454657946e-02  
      139 -2.275983476448502e-02  
      140  6.546313432401260e-03  
      141  1.080985242813853e-02  
      142 -2.583203274331437e-02  
      143  3.554472571992293e-02  
      144 -3.806221487023086e-02  
      145  3.295386035714156e-02  
      146 -2.131542950387598e-02  
      147  5.535196595642294e-03  
      148  1.119548332511433e-02  
      149 -2.552696614216103e-02  
      150  3.462132884080936e-02  
      151 -3.671370735479262e-02  
      152  3.145405730893029e-02  
      153 -1.996330502186687e-02  
      154  4.595456677407455e-03  
      155  1.154404266580956e-02  
      156 -2.522527843262487e-02  
      157  3.373969891610096e-02  
      158 -3.543578718071980e-02  
      159  3.003874404675781e-02  
      160 -1.869243412917430e-02  
      161  3.717827454967260e-03  
      162  1.186122337514526e-02  
      163 -2.492808936858586e-02  
      164  3.289636077112343e-02  
      165 -3.422129908972066e-02  
      166  2.869870655712270e-02  
      167 -1.749350913867767e-02  
      168  2.894801211598999e-03  
      169  1.215129182860296e-02  
      170 -2.463570582845866e-02  
      171  3.208777836606030e-02  
      172 -3.306375272673622e-02  
      173  2.742594501014848e-02  
      174 -1.635870398885855e-02  
      175  2.120296515159887e-03  
      176  1.241743776087585e-02  
      177 -2.434791379229337e-02  
      178  3.131053025407707e-02  
      179 -3.195735138449060e-02  
      180  2.621355861267109e-02  
      181 -1.528144838431330e-02  
      182  1.389376265405603e-03  
      183  1.266204914256248e-02  
      184 -2.406418831457193e-02  
      185  3.056141406025825e-02  
      186 -3.089697515521671e-02  
      187  2.505561818655205e-02  
      188 -1.425622325419254e-02  
      189  6.980137553897093e-04  
      190  1.288692444106606e-02  
      191 -2.378384063552611e-02  
      192  2.983750126239522e-02  
      193 -2.987813722769654e-02  
      194  2.394703889098806e-02  
      195 -1.327838148437951e-02  
      196  4.290205561766269e-05  
      197  1.309343394179144e-02  
      198 -2.350611807727053e-02  
      199  2.913615826540811e-02  
      200  0.000000000000000e+00  
        1  1.435000000000000e-02  7.577125114448090e-02 
        0  0.000000000000000e+00  
        1  0.000000000000000e+00  
        2  1.530047230311363e+00  
        3  0.000000000000000e+00  
        4 -1.467294135346294e+00  
        5  0.000000000000000e+00  
        6  1.161664509475070e+00  
        7  0.000000000000000e+00  
        8 -8.318394338241423e-01  
        9  0.000000000000000e+00  
       10  5.336378795966131e-01  
       11  0.000000000000000e+00  
       12 -2.826171476447095e-01  
       13  0.000000000000000e+00  
       14  8.336489453783028e-02  
       15  0.000000000000000e+00  
       16  6.342315170736618e-02  
       17  0.000000000000000e+00  
       18 -1.596325169697105e-01  
       19  0.000000000000000e+00  
       20  2.095855770265791e-01  
       21  0.000000000000000e+00  
       22 -2.198428044942472e-01  
       23  0.000000000000000e+00  
       24  1.987284572362006e-01  
       25  0.000000000000000e+00  
       26 -1.556321953790036e-01  
       27  0.000000000000000e+00  
       28  1.001970351219101e-01  
       29  0.000000000000000e+00  
       30 -4.150493018459301e-02  
       31  0.000000000000000e+00  
       32 -1.264368465806710e-02  
       33  0.000000000000000e+00  
       34  5.628135049681480e-02  
       35  0.000000000000000e+00  
       36 -8.560643598647437e-02  
       37  0.000000000000000e+00  
       38  9.907563232606177e-02  
       39  0.000000000000000e+00  
       40 -9.726227561477641e-02  
       41  0.000000000000000e+00  
       42  8.251203100837440e-02  
       43  0.000000000000000e+00  
       44 -5.844774242604019e-02  
       45  0.000000000000000e+00  
       46  2.938851548812361e-02  
       47  0.000000000000000e+00  
       48  2.467337395850845e-04  
       49  0.000000000000000e+00  
       50 -2.648410809128311e-02  
       51  0.000000000000000e+00  
       52  4.623129904658870e-02  
       53  0.000000000000000e+00  
       54 -5.756560414560655e-02  
       55  0.000000000000000e+00  
       56  5.985305941514751e-02  
       57  0.000000000000000e+00  
       58 -5.369940536564567e-02  
       59  0.000000000000000e+00  
       60  4.075322148466405e-02  
       61  0.000000000000000e+00  
       62 -2.339751668899512e-02  
       63  0.000000000000000e+00  
       64  4.376671783223818e-03  
       65  0.000000000000000e+00  
       66  1.359006084716649e-02  
       67  0.000000000000000e+00  
       68 -2.815943489941439e-02  
       69  0.000000000000000e+00  
       70  3.763835209712116e-02  
       71  0.000000000000000e+00  
       72 -4.115261213337734e-02  
       73  0.000000000000000e+00  
       74  3.869678756621968e-02  
       75  0.000000000000000e+00  
       76 -3.106760437908088e-02  
       77  0.000000000000000e+00  
       78  1.969776017042151e-02  
       79  0.000000000000000e+00  
       80 -6.418616943625304e-03  
       81  0.000000000000000e+00  
       82 -6.812598128394347e-03  
       83  0.000000000000000e+00  
       84  1.818321939499033e-02  
       85  0.000000000000000e+00  
       86 -2.625806451539364e-02  
       87  0.000000000000000e+00  
       88  3.014678666806943e-02  
       89  0.000000000000000e+00  
       90 -2.958785129661859e-02  
       91  0.000000000000000e+00  
       92  2.494329056143468e-02  
       93  0.000000000000000e+00  
       94 -1.711041697442361e-02  
       95  0.000000000000000e+00  
       96  7.367218944373775e-03  
       97  0.000000000000000e+00  
       98  2.824070720206472e-03  
       99  0.000000000000000e+00  
      100 -1.202660996010766e-02  
      101  0.000000000000000e+00  
      102  1.902301540320979e-02  
      103  0.000000000000000e+00  
      104 -2.296874332820582e-02  
      105  0.000000000000000e+00  
      106  2.348644110232140e-02  
      107  0.000000000000000e+00  
      108 -2.069178112407759e-02  
      109  0.000000000000000e+00  
      110  1.515095025014412e-02  
      111  0.000000000000000e+00  
      112 -7.779118047120584e-03  
      113  0.000000000000000e+00  
      114 -3.033411350641484e-04  
      115  0.000000000000000e+00  
      116  7.935253130797423e-03  
      117  0.000000000000000e+00  
      118 -1.407634222975038e-02  
      119  0.000000000000000e+00  
      120  1.794438709830288e-02  
      121  0.000000000000000e+00  
      122 -1.911036166218019e-02  
      123  0.000000000000000e+00  
      124  1.754060188700970e-02  
      125  0.000000000000000e+00  
      126 -1.358273347610323e-02  
      127  0.000000000000000e+00  
      128  7.899883765596461e-03  
      129  0.000000000000000e+00  
      130 -1.364530924194561e-03  
      131  0.000000000000000e+00  
      132 -5.071664674711100e-03  
      133  0.000000000000000e+00  
      134  1.051314424133578e-02  
      135  0.000000000000000e+00  
      136 -1.424206663826953e-02  
      137  0.000000000000000e+00  
      138  1.581014384378796e-02  
      139  0.000000000000000e+00  
      140 -1.508933645328364e-02  
      141  0.000000000000000e+00  
      142  1.227615703176742e-02  
      143  0.000000000000000e+00  
      144 -7.850905425700222e-03  
      145  0.000000000000000e+00  
      146  2.499291821817172e-03  
      147  0.000000000000000e+00  
      148  2.991227848920825e-03  
      149  0.000000000000000e+00  
      150 -7.845089108643302e-03  
      151  0.000000000000000e+00  
      152  1.140613830349400e-02  
      153  0.000000000000000e+00  
      154 -1.322440585218548e-02  
      155  0.000000000000000e+00  
      156  1.311092114760477e-02  
      157  0.000000000000000e+00  
      158 -1.115418687918659e-02  
      159  0.000000000000000e+00  
      160  7.697460637196882e-03  
      161  0.000000000000000e+00  
      162 -3.281437675648179e-03  
      163  0.000000000000000e+00  
      164 -1.438454396049716e-03  
      165  0.000000000000000e+00  
      166  5.787755896705030e-03  
      167  0.000000000000000e+00  
      168 -9.167917260897872e-03  
      169  0.000000000000000e+00  
      170  1.113731679611700e-02  
      171  0.000000000000000e+00  
      172 -1.146757380630744e-02  
      173  0.000000000000000e+00  
      174  1.016817257717417e-02  
      175  0.000000000000000e+00  
      176 -7.477047080110452e-03  
      177  0.000000000000000e+00  
      178  3.819581576128207e-03  
      179  0.000000000000000e+00  
      180  2.572110165963656e-04  
      181  0.000000000000000e+00  
      182 -4.165342419530644e-03  
      183  0.000000000000000e+00  
      184  7.359604787780229e-03  
      185  0.000000000000000e+00  
      186 -9.412644728270849e-03  
      187  0.000000000000000e+00  
      188  1.007115435727749e-02  
      189  0.000000000000000e+00  
      190 -9.285929074502798e-03  
      191  0.000000000000000e+00  
      192  7.212408972491574e-03  
      193  0.000000000000000e+00  
      194 -4.182539837867320e-03  
      195  0.000000000000000e+00  
      196  6.527641650418492e-04  
      197  0.000000000000000e+00  
      198  2.863862246138037e-03  
      199  0.000000000000000e+00  
      200  0.000000000000000e+00  
        2 -1.371925022889618e-01  1.818122171794107e-01 
        0  0.000000000000000e+00  
        1  0.000000000000000e+00  
        2  1.107513486121199e-01  
        3  2.769374373339714e-01  
        4  4.432139270565022e-01  
        5  5.644538074084396e-01  
        6  6.121355975579333e-01  
        7  5.766005149815968e-01  
        8  4.656315802419692e-01  
        9  3.003073650655651e-01  
       10  1.093267826176005e-01  
       11 -7.699275691269621e-02  
       12 -2.320224041751316e-01  
       13 -3.367127307448388e-01  
       14 -3.816960408071070e-01  
       15 -3.675645295357353e-01  
       16 -3.035672513452302e-01  
       17 -2.051616155591280e-01  
       18 -9.095206569414643e-02  
       19  2.044548792953332e-02  
       20  1.131444542235596e-01  
       21  1.759874767787391e-01  
       22  2.036111294523384e-01  
       23  1.965377163759688e-01  
       24  1.603974272605908e-01  
       25  1.044934507219784e-01  
       26  3.999039930873238e-02  
       27 -2.197135836365505e-02  
       28 -7.195416897189114e-02  
       29 -1.034708576991022e-01  
       30 -1.136615297645632e-01  
       31 -1.033545368400168e-01  
       32 -7.656027111869246e-02  
       33 -3.952535530706827e-02  
       34  4.709323690879400e-04  
       35  3.637253129008198e-02  
       36  6.245767753630373e-02  
       37  7.514518690713493e-02  
       38  7.339447238745250e-02  
       39  5.866776271714837e-02  
       40  3.449311704747083e-02  
       41  5.726488687008807e-03  
       42 -2.234825057354563e-02  
       43 -4.492594447499768e-02  
       44 -5.844698120107777e-02  
       45 -6.110935625656389e-02  
       46 -5.305890642200264e-02  
       47 -3.624648941483995e-02  
       48 -1.399537041653480e-02  
       49  9.633406684973242e-03  
       50  3.056194838639859e-02  
       51  4.537930717636068e-02  
       52  5.187742952383233e-02  
       53  4.935862131061593e-02  
       54  3.867559971479024e-02  
       55  2.201118242951656e-02  
       56  2.447225498643129e-03  
       57 -1.659522892092756e-02  
       58 -3.194530990975479e-02  
       59 -4.120174358399908e-02  
       60 -4.309917177939136e-02  
       61 -3.766744665900776e-02  
       62 -2.616684048176120e-02  
       63 -1.082014745393318e-02  
       64  5.604463224265212e-03  
       65  2.028347689305583e-02  
       66  3.081573603894786e-02  
       67  3.560832100141668e-02  
       68  3.410983379101426e-02  
       69  2.685839019605643e-02  
       70  1.534401278963413e-02  
       71  1.716243224790546e-03  
       72 -1.160748525729003e-02  
       73 -2.236273176654016e-02  
       74 -2.881605797728750e-02  
       75 -3.003807125724907e-02  
       76 -2.602948559180846e-02  
       77 -1.768456356356916e-02  
       78 -6.604322923711891e-03  
       79  5.203210892927669e-03  
       80  1.568071979892654e-02  
       81  2.307449590793509e-02  
       82  2.622283104021002e-02  
       83  2.473324191590493e-02  
       84  1.902235610724892e-02  
       85  1.021647694160025e-02  
       86 -6.545402899958866e-05  
       87 -1.000555709789166e-02  
       88 -1.790479461154552e-02  
       89 -2.246990472626498e-02  
       90 -2.302161018586371e-02  
       91 -1.959116791508920e-02  
       92 -1.289238224591054e-02  
       93 -4.177813163925552e-03  
       94  4.992642121712474e-03  
       95  1.302856368920953e-02  
       96  1.858255170188257e-02  
       97  2.077387012845835e-02  
       98  1.932548091877905e-02  
       99  1.459363152919704e-02  
      100  7.488113491827965e-03  
      101 -6.999690092847271e-04  
      102 -8.530773792536226e-03  
      103 -1.466710646628543e-02  
      104 -1.810105322848132e-02  
      105 -1.831775748142491e-02  
      106 -1.537005126927602e-02  
      107 -9.853629842985630e-03  
      108 -2.789758389060066e-03  
      109  4.561864312620923e-03  
      110  1.092611432285587e-02  
      111  1.523211864873069e-02  
      112  1.679200633617085e-02  
      113  1.540914388762251e-02  
      114  1.139912265912804e-02  
      115  5.522156640300264e-03  
      116 -1.159225006819286e-03  
      117 -7.470845923461585e-03  
      118 -1.233193446748748e-02  
      119 -1.493896560378785e-02  
      120 -1.489722392574133e-02  
      121 -1.227876061589711e-02  
      122 -7.598579199815619e-03  
      123 -1.715129067353401e-03  
      124  4.325955703036836e-03  
      125  9.476633411377260e-03  
      126  1.286727605491714e-02  
      127  1.395250615686018e-02  
      128  1.259775938102710e-02  
      129  9.093039511219422e-03  
      130  4.093167483372745e-03  
      131 -1.503510960434920e-03  
      132 -6.715674536808405e-03  
      133 -1.065029139201065e-02  
      134 -1.265484950823741e-02  
      135 -1.242473720102314e-02  
      136 -1.004824817928431e-02  
      137 -5.982810464178088e-03  
      138 -9.680242196276100e-04  
      139  4.108139452604319e-03  
      140  8.365904439612160e-03  
      141  1.108553248134081e-02  
      142  1.182834727948839e-02  
      143  1.050670193216424e-02  
      144  7.391874391602913e-03  
      145  3.059806129463603e-03  
      146 -1.714679381542178e-03  
      147 -6.095871451401296e-03  
      148 -9.332906027974080e-03  
      149 -1.088792006308045e-02  
      150 -1.052484572885382e-02  
      151 -8.344287633958643e-03  
      152 -4.759518494554853e-03  
      153 -4.188898833760724e-04  
      154  3.910897167932212e-03  
      155  7.479737577191553e-03  
      156  9.683615033480463e-03  
      157  1.016636622747775e-02  
      158  8.876651610654670e-03  
      159  6.071126671008390e-03  
      160  2.264270697903528e-03  
      161 -1.865461814623123e-03  
      162 -5.596132962807031e-03  
      163 -8.288130475695776e-03  
      164 -9.493438149018206e-03  
      165 -9.029767019807082e-03  
      166 -7.007356658738375e-03  
      167 -3.804657397462294e-03  
      168  1.989212622355077e-06  
      169  3.741690116069571e-03  
      170  6.766896997452897e-03  
      171  8.565200911859394e-03  
      172  8.845782114494905e-03  
      173  7.585989322051437e-03  
      174  5.030670464006738e-03  
      175  1.645178284835000e-03  
      176 -1.969025514460337e-03  
      177 -5.180922394193863e-03  
      178 -7.439822034950672e-03  
      179 -8.369495004351534e-03  
      180 -7.830511880220093e-03  
      181 -5.940516893341642e-03  
      182 -3.049615780961116e-03  
      183  3.241247955350563e-04  
      184  3.587243435603687e-03  
      185  6.175024316995242e-03  
      186  7.648981314590588e-03  
      187  7.770900390636210e-03  
      188  6.540982414822124e-03  
      189  4.194044507895761e-03  
      190  1.155098860395582e-03  
      191 -2.037355081486677e-03  
      192 -4.826525355037432e-03  
      193 -6.734220432501174e-03  
      194 -7.442616674801904e-03  
      195 -6.846956209611947e-03  
      196 -5.070482213355069e-03  
      197 -2.439595675848057e-03  
      198  5.758570338626367e-04  
      199  3.446286198422676e-03  
      200  0.000000000000000e+00  
        3  1.658925022889618e-01  1.818122171794107e-01 
        0  0.000000000000000e+00  
        1  0.000000000000000e+00  
        2  1.107513486121199e-01  
        3 -2.769374373339714e-01  
        4  4.432139270565022e-01  
        5 -5.644538074084396e-01  
        6  6.121355975579333e-01  
        7 -5.766005149815968e-01  
        8  4.656315802419692e-01  
        9 -3.003073650655651e-01  
       10  1.093267826176005e-01  
       11  7.699275691269621e-02  
       12 -2.320224041751316e-01  
       13  3.367127307448388e-01  
       14 -3.816960408071070e-01  
       15  3.675645295357353e-01  
       16 -3.035672513452302e-01  
       17  2.051616155591280e-01  
       18 -9.095206569414643e-02  
       19 -2.044548792953332e-02  
       20  1.131444542235596e-01  
       21 -1.759874767787391e-01  
       22  2.036111294523384e-01  
       23 -1.965377163759688e-01  
       24  1.603974272605908e-01  
       25 -1.044934507219784e-01  
       26  3.999039930873238e-02  
       27  2.197135836365505e-02  
       28 -7.195416897189114e-02  
       29  1.034708576991022e-01  
       30 -1.136615297645632e-01  
       31  1.033545368400168e-01  
       32 -7.656027111869246e-02  
       33  3.952535530706827e-02  
       34  4.709323690879400e-04  
       35 -3.637253129008198e-02  
       36  6.245767753630373e-02  
       37 -7.514518690713493e-02  
       38  7.339447238745250e-02  
       39 -5.866776271714837e-02  
       40  3.449311704747083e-02  
       41 -5.726488687008807e-03  
       42 -2.234825057354563e-02  
       43  4.492594447499768e-02  
       44 -5.844698120107777e-02  
       45  6.110935625656389e-02  
       46 -5.305890642200264e-02  
       47  3.624648941483995e-02  
       48 -1.399537041653480e-02  
       49 -9.633406684973242e-03  
       50  3.056194838639859e-02  
       51 -4.537930717636068e-02  
       52  5.187742952383233e-02  
       53 -4.935862131061593e-02  
       54  3.867559971479024e-02  
       55 -2.201118242951656e-02  
       56  2.447225498643129e-03  
       57  1.659522892092756e-02  
       58 -3.194530990975479e-02  
       59  4.120174358399908e-02  
       60 -4.309917177939136e-02  
       61  3.766744665900776e-02  
       62 -2.616684048176120e-02  
       63  1.082014745393318e-02  
       64  5.604463224265212e-03  
       65 -2.028347689305583e-02  
       66  3.081573603894786e-02  
       67 -3.560832100141668e-02  
       68  3.410983379101426e-02  
       69 -2.685839019605643e-02  
       70  1.534401278963413e-02  
       71 -1.716243224790546e-03  
       72 -1.160748525729003e-02  
       73  2.236273176654016e-02  
       74 -2.881605797728750e-02  
       75  3.003807125724907e-02  
       76 -2.602948559180846e-02  
       77  1.768456356356916e-02  
       78 -6.604322923711891e-03  
       79 -5.203210892927669e-03  
       80  1.568071979892654e-02  
       81 -2.307449590793509e-02  
       82  2.622283104021002e-02  
       83 -2.473324191590493e-02  
       84  1.902235610724892e-02  
       85 -1.021647694160025e-02  
       86 -6.545402899958866e-05  
       87  1.000555709789166e-02  
       88 -1.790479461154552e-02  
       89  2.246990472626498e-02  
       90 -2.302161018586371e-02  
       91  1.959116791508920e-02  
       92 -1.289238224591054e-02  
       93  4.177813163925552e-03  
       94  4.992642121712474e-03  
       95 -1.302856368920953e-02  
       96  1.858255170188257e-02  
       97 -2.077387012845835e-02  
       98  1.932548091877905e-02  
       99 -1.459363152919704e-02  
      100  7.488113491827965e-03  
      101  6.999690092847271e-04  
      102 -8.530773792536226e-03  
      103  1.466710646628543e-02  
      104 -1.810105322848132e-02  
      105  1.831775748142491e-02  
      106 -1.537005126927602e-02  
      107  9.853629842985630e-03  
      108 -2.789758389060066e-03  
      109 -4.561864312620923e-03  
      110  1.092611432285587e-02  
      111 -1.523211864873069e-02  
      112  1.679200633617085e-02  
      113 -1.540914388762251e-02  
      114  1.139912265912804e-02  
      115 -5.522156640300264e-03  
      116 -1.159225006819286e-03  
      117  7.470845923461585e-03  
      118 -1.233193446748748e-02  
      119  1.493896560378785e-02  
      120 -1.489722392574133e-02  
      121  1.227876061589711e-02  
      122 -7.598579199815619e-03  
      123  1.715129067353401e-03  
      124  4.325955703036836e-03  
      125 -9.476633411377260e-03  
      126  1.286727605491714e-02  
      127 -1.395250615686018e-02  
      128  1.259775938102710e-02  
      129 -9.093039511219422e-03  
      130  4.093167483372745e-03  
      131  1.503510960434920e-03  
      132 -6.715674536808405e-03  
      133  1.065029139201065e-02  
      134 -1.265484950823741e-02  
      135  1.242473720102314e-02  
      136 -1.004824817928431e-02  
      137  5.982810464178088e-03  
      138 -9.680242196276100e-04  
      139 -4.108139452604319e-03  
      140  8.365904439612160e-03  
      141 -1.108553248134081e-02  
      142  1.182834727948839e-02  
      143 -1.050670193216424e-02  
      144  7.391874391602913e-03  
      145 -3.059806129463603e-03  
      146 -1.714679381542178e-03  
      147  6.095871451401296e-03  
      148 -9.332906027974080e-03  
      149  1.088792006308045e-02  
      150 -1.052484572885382e-02  
      151  8.344287633958643e-03  
      152 -4.759518494554853e-03  
      153  4.188898833760724e-04  
      154  3.910897167932212e-03  
      155 -7.479737577191553e-03  
      156  9.683615033480463e-03  
      157 -1.016636622747775e-02  
      158  8.876651610654670e-03  
      159 -6.071126671008390e-03  
      160  2.264270697903528e-03  
      161  1.865461814623123e-03  
      162 -5.596132962807031e-03  
      163  8.288130475695776e-03  
      164 -9.493438149018206e-03  
      165  9.029767019807082e-03  
      166 -7.007356658738375e-03  
      167  3.804657397462294e-03  
      168  1.989212622355077e-06  
      169 -3.741690116069571e-03  
      170  6.766896997452897e-03  
      171 -8.565200911859394e-03  
      172  8.845782114494905e-03  
      173 -7.585989322051437e-03  
      174  5.030670464006738e-03  
      175 -1.645178284835000e-03  
      176 -1.969025514460337e-03  
      177  5.180922394193863e-03  
      178 -7.439822034950672e-03  
      179  8.369495004351534e-03  
      180 -7.830511880220093e-03  
      181  5.940516893341642e-03  
      182 -3.049615780961116e-03  
      183 -3.241247955350563e-04  
      184  3.587243435603687e-03  
      185 -6.175024316995242e-03  
      186  7.648981314590588e-03  
      187 -7.770900390636210e-03  
      188  6.540982414822124e-03  
      189 -4.194044507895761e-03  
      190  1.155098860395582e-03  
      191  2.037355081486677e-03  
      192 -4.826525355037432e-03  
      193  6.734220432501174e-03  
      194 -7.442616674801904e-03  
      195  6.846956209611947e-03  
      196 -5.070482213355069e-03  
      197  2.439595675848057e-03  
      198  5.758570338626367e-04  
      199 -3.446286198422676e-03  
      200  0.000000000000000e+00  
        1  2.250000000000000e+00  2.258915724412932e+00 
        0  0.000000000000000e+00  
        1  0.000000000000000e+00  
        2  1.645285822598200e-03  
        3  0.000000000000000e+00  
        4  3.245272572953897e-03  
        5  0.000000000000000e+00  
        6  4.762469573512939e-03  
        7  0.000000000000000e+00  
        8  6.161585582615801e-03  
        9  0.000000000000000e+00  
       10  7.410446511390843e-03  
       11  0.000000000000000e+00  
       12  8.480827184952695e-03  
       13  0.000000000000000e+00  
       14  9.349174462480412e-03  
       15  0.000000000000000e+00  
       16  9.997202102906539e-03  
       17  0.000000000000000e+00  
       18  1.041234138456850e-02  
       19  0.000000000000000e+00  
       20  1.058803555407620e-02  
       21  0.000000000000000e+00  
       22  1.052387057497367e-02  
       23  0.000000000000000e+00  
       24  1.022553924438053e-02  
       25  0.000000000000000e+00  
       26  9.704640413946067e-03  
       27  0.000000000000000e+00  
       28  8.978319656613217e-03  
       29  0.000000000000000e+00  
       30  8.068762131443138e-03  
       31  0.000000000000000e+00  
       32  7.002552489573278e-03  
       33  0.000000000000000e+00  
       34  5.809920319280347e-03  
       35  0.000000000000000e+00  
       36  4.523892743982287e-03  
       37  0.000000000000000e+00  
       38  3.179378276562811e-03  
       39  0.000000000000000e+00  
       40  1.812207827692907e-03  
       41  0.000000000000000e+00  
       42  4.581598161909617e-04  
       43  0.000000000000000e+00  
       44 -8.480033911198785e-04  
       45  0.000000000000000e+00  
       46 -2.073460978803728e-03  
       47  0.000000000000000e+00  
       48 -3.188195644277498e-03  
       49  0.000000000000000e+00  
       50 -4.165768516545019e-03  
       51  0.000000000000000e+00  
       52 -4.983986157877297e-03  
       53  0.000000000000000e+00  
       54 -5.625441983752002e-03  
       55  0.000000000000000e+00  
       56 -6.077918129787115e-03  
       57  0.000000000000000e+00  
       58 -6.334637862678681e-03  
       59  0.000000000000000e+00  
       60 -6.394362956007780e-03  
       61  0.000000000000000e+00  
       62 -6.261334905125219e-03  
       63  0.000000000000000e+00  
       64 -5.945063308947499e-03  
       65  0.000000000000000e+00  
       66 -5.459969071865208e-03  
       67  0.000000000000000e+00  
       68 -4.824894151953934e-03  
       69  0.000000000000000e+00  
       70 -4.062493286183670e-03  
       71  0.000000000000000e+00  
       72 -3.198526354614769e-03  
       73  0.000000000000000e+00  
       74 -2.261072713290652e-03  
       75  0.000000000000000e+00  
       76 -1.279690856279414e-03  
       77  0.000000000000000e+00  
       78 -2.845481066715749e-04  
       79  0.000000000000000e+00  
       80  6.944543496003994e-04  
       81  0.000000000000000e+00  
       82  1.628535897026516e-03  
       83  0.000000000000000e+00  
       84  2.490846053280606e-03  
       85  0.000000000000000e+00  
       86  3.257206374804114e-03  
       87  0.000000000000000e+00  
       88  3.906764117300112e-03  
       89  0.000000000000000e+00  
       90  4.422539840660522e-03  
       91  0.000000000000000e+00  
       92  4.791854418302686e-03  
       93  0.000000000000000e+00  
       94  5.006624574848321e-03  
       95  0.000000000000000e+00  
       96  5.063520023177468e-03  
       97  0.000000000000000e+00  
       98  4.963979384242059e-03  
       99  0.000000000000000e+00  
      100  4.714086228728594e-03  
      101  0.000000000000000e+00  
      102  4.324310656428659e-03  
      103  0.000000000000000e+00  
      104  3.809125707941988e-03  
      105  0.000000000000000e+00  
      106  3.186511471746704e-03  
      107  0.000000000000000e+00  
      108  2.477362905363024e-03  
      109  0.000000000000000e+00  
      110  1.704820042896280e-03  
      111  0.000000000000000e+00  
      112  8.935413387674158e-04  
      113  0.000000000000000e+00  
      114  6.894234260742105e-05  
      115  0.000000000000000e+00  
      116 -7.435773240714834e-04  
      117  0.000000000000000e+00  
      118 -1.519395629782001e-03  
      119  0.000000000000000e+00  
      120 -2.235395968066422e-03  
      121  0.000000000000000e+00  
      122 -2.870639953855917e-03  
      123  0.000000000000000e+00  
      124 -3.406965839726437e-03  
      125  0.000000000000000e+00  
      126 -3.829495636444843e-03  
      127  0.000000000000000e+00  
      128 -4.127036926605402e-03  
      129  0.000000000000000e+00  
      130 -4.292368652488863e-03  
      131  0.000000000000000e+00  
      132 -4.322403738084658e-03  
      133  0.000000000000000e+00  
      134 -4.218225161333464e-03  
      135  0.000000000000000e+00  
      136 -3.984995912499959e-03  
      137  0.000000000000000e+00  
      138 -3.631747043617404e-03  
      139  0.000000000000000e+00  
      140 -3.171051620046423e-03  
      141  0.000000000000000e+00  
      142 -2.618595722027320e-03  
      143  0.000000000000000e+00  
      144 -1.992660614262486e-03  
      145  0.000000000000000e+00  
      146 -1.313532719391669e-03  
      147  0.000000000000000e+00  
      148 -6.028600253107466e-04  
      149  0.000000000000000e+00  
      150  1.170250284960731e-04  
      151  0.000000000000000e+00  
      152  8.237953414107660e-04  
      153  0.000000000000000e+00  
      154  1.495810610406123e-03  
      155  0.000000000000000e+00  
      156  2.112769918231732e-03  
      157  0.000000000000000e+00  
      158  2.656315996247344e-03  
      159  0.000000000000000e+00  
      160  3.110573367320701e-03  
      161  0.000000000000000e+00  
      162  3.462604755591384e-03  
      163  0.000000000000000e+00  
      164  3.702772782110246e-03  
      165  0.000000000000000e+00  
      166  3.824996965050563e-03  
      167  0.000000000000000e+00  
      168  3.826899316599952e-03  
      169  0.000000000000000e+00  
      170  3.709835274527226e-03  
      171  0.000000000000000e+00  
      172  3.478810219128708e-03  
      173  0.000000000000000e+00  
      174  3.142285298976984e-03  
      175  0.000000000000000e+00  
      176  2.711879616868150e-03  
      177  0.000000000000000e+00  
      178  2.201978911052097e-03  
      179  0.000000000000000e+00  
      180  1.629263614879377e-03  
      181  0.000000000000000e+00  
      182  1.012171509940673e-03  
      183  0.000000000000000e+00  
      184  3.703120363859249e-04  
      185  0.000000000000000e+00  
      186 -2.761493626548879e-04  
      187  0.000000000000000e+00  
      188 -9.071177431676481e-04  
      189  0.000000000000000e+00  
      190 -1.503186735604132e-03  
      191  0.000000000000000e+00  
      192 -2.046229354717864e-03  
      193  0.000000000000000e+00  
      194 -2.519943709914276e-03  
      195  0.000000000000000e+00  
      196 -2.910337321979998e-03  
      197  0.000000000000000e+00  
      198 -3.206135775675190e-03  
      199  0.000000000000000e+00  
      200  0.000000000000000e+00  
        2 -2.267831448825864e+00  6.770800748044236e+00 
        0  0.000000000000000e+00  
        1  0.000000000000000e+00  
        2  6.109720464279566e-05  
        3  1.223017259739816e-04  
        4  1.766259617938453e-04  
        5  2.262580026851690e-04  
        6  2.734389314452113e-04  
        7  3.194099832455954e-04  
        8  3.647367007567933e-04  
        9  4.096448963027918e-04  
       10  4.542091391414246e-04  
       11  4.984411188763103e-04  
       12  5.423275787096508e-04  
       13  5.858457644356745e-04  
       14  6.289695021404336e-04  
       15  6.716715352896756e-04  
       16  7.139244134066408e-04  
       17  7.557008324659087e-04  
       18  7.969737713214618e-04  
       19  8.377165532446796e-04  
       20  8.779028801786579e-04  
       21  9.175068570284079e-04  
       22  9.565030122109405e-04  
       23  9.948663166741054e-04  
       24  1.032572202155527e-03  
       25  1.069596578943151e-03  
       26  1.105915853219729e-03  
       27  1.141506944011216e-03  
       28  1.176347299737571e-03  
       29  1.210414914357342e-03  
       30  1.243688343095102e-03  
       31  1.276146717740318e-03  
       32  1.307769761506222e-03  
       33  1.338537803437559e-03  
       34  1.368431792356331e-03  
       35  1.397433310335100e-03  
       36  1.425524585687690e-03  
       37  1.452688505467569e-03  
       38  1.478908627464558e-03  
       39  1.504169191690885e-03  
       40  1.528455131348052e-03  
       41  1.551752083266327e-03  
       42  1.574046397809148e-03  
       43  1.595325148235107e-03  
       44  1.615576139510618e-03  
       45  1.634787916566785e-03  
       46  1.652949771994484e-03  
       47  1.670051753172013e-03  
       48  1.686084668820199e-03  
       49  1.701040094980253e-03  
       50  1.714910380410119e-03  
       51  1.727688651395527e-03  
       52  1.739368815972420e-03  
       53  1.749945567557865e-03  
       54  1.759414387987051e-03  
       55  1.767771549954408e-03  
       56  1.775014118857370e-03  
       57  1.781139954041755e-03  
       58  1.786147709448228e-03  
       59  1.790036833659727e-03  
       60  1.792807569350267e-03  
       61  1.794460952135950e-03  
       62  1.794998808829490e-03  
       63  1.794423755100050e-03  
       64  1.792739192540591e-03  
       65  1.789949305145488e-03  
       66  1.786059055201502e-03  
       67  1.781074178595782e-03  
       68  1.775001179544917e-03  
       69  1.767847324749583e-03  
       70  1.759620636979713e-03  
       71  1.750329888095620e-03  
       72  1.739984591510875e-03  
       73  1.728594994103243e-03  
       74  1.716172067580343e-03  
       75  1.702727499307148e-03  
       76  1.688273682602873e-03  
       77  1.672823706515170e-03  
       78  1.656391345079978e-03  
       79  1.638991046075756e-03  
       80  1.620637919281241e-03  
       81  1.601347724246212e-03  
       82  1.581136857585147e-03  
       83  1.560022339804035e-03  
       84  1.538021801670904e-03  
       85  1.515153470141047e-03  
       86  1.491436153848221e-03  
       87  1.466889228173428e-03  
       88  1.441532619903230e-03  
       89  1.415386791489839e-03  
       90  1.388472724925536e-03  
       91  1.360811905244260e-03  
       92  1.332426303663482e-03  
       93  1.303338360379776e-03  
       94  1.273570967031712e-03  
       95  1.243147448843999e-03  
       96  1.212091546466993e-03  
       97  1.180427397525944e-03  
       98  1.148179517894571e-03  
       99  1.115372782707715e-03  
      100  1.082032407128077e-03  
      101  1.048183926882170e-03  
      102  1.013853178580801e-03  
      103  9.790662798395764e-04  
      104  9.438496092150133e-04  
      105  9.082297859720277e-04  
      106  8.722336496986456e-04  
      107  8.358882397839069e-04  
      108  7.992207747750167e-04  
      109  7.622586316298811e-04  
      110  7.250293248812330e-04  
      111  6.875604857285936e-04  
      112  6.498798410743765e-04  
      113  6.120151925204473e-04  
      114  5.739943953414814e-04  
      115  5.358453374514584e-04  
      116  4.975959183796159e-04  
      117  4.592740282721705e-04  
      118  4.209075269360664e-04  
      119  3.825242229409706e-04  
      120  3.441518527956632e-04  
      121  3.058180602148994e-04  
      122  2.675503754927336e-04  
      123  2.293761949981871e-04  
      124  1.913227608090361e-04  
      125  1.534171404993654e-04  
      126  1.156862070963943e-04  
      127  7.815661922193592e-05  
      128  4.085480143368246e-05  
      129  3.806924781337964e-06  
      130 -3.296111240756687e-05  
      131 -6.942370349754137e-05  
      132 -1.055555522562559e-04  
      133 -1.413316912927106e-04  
      134 -1.767275002084766e-04  
      135 -2.117187234482778e-04  
      136 -2.462814878364328e-04  
      137 -2.803923197859435e-04  
      138 -3.140281621672858e-04  
      139 -3.471663908242484e-04  
      140 -3.797848307244517e-04  
      141 -4.118617717324898e-04  
      142 -4.433759839939449e-04  
      143 -4.743067329188502e-04  
      144 -5.046337937534998e-04  
      145 -5.343374657298572e-04  
      146 -5.633985857821435e-04  
      147 -5.917985418205541e-04  
      148 -6.195192855524111e-04  
      149 -6.465433448414298e-04  
      150 -6.728538355961488e-04  
      151 -6.984344731789686e-04  
      152 -7.232695833276209e-04  
      153 -7.473441125812981e-04  
      154 -7.706436382040634e-04  
      155 -7.931543775985815e-04  
      156 -8.148631972036134e-04  
      157 -8.357576208691358e-04  
      158 -8.558258377033792e-04  
      159 -8.750567093864842e-04  
      160 -8.934397769459277e-04  
      161 -9.109652669892872e-04  
      162 -9.276240973903528e-04  
      163 -9.434078824250361e-04  
      164 -9.583089373539673e-04  
      165 -9.723202824491122e-04  
      166 -9.854356464621850e-04  
      167 -9.976494695330756e-04  
      168 -1.008956905536979e-03  
      169 -1.019353823869317e-03  
      170 -1.028836810668040e-03  
      171 -1.037403169473309e-03  
      172 -1.045050921325023e-03  
      173 -1.051778804299087e-03  
      174 -1.057586272483781e-03  
      175 -1.062473494398019e-03  
      176 -1.066441350853726e-03  
      177 -1.069491432265008e-03  
      178 -1.071626035407231e-03  
      179 -1.072848159629538e-03  
      180 -1.073161502524784e-03  
      181 -1.072570455061277e-03  
      182 -1.071080096181155e-03  
      183 -1.068696186870627e-03  
      184 -1.065425163707728e-03  
      185 -1.061274131893652e-03  
      186 -1.056250857774108e-03  
      187 -1.050363760857570e-03  
      188 -1.043621905337659e-03  
      189 -1.036034991127290e-03  
      190 -1.027613344412597e-03  
      191 -1.018367907735001e-03  
      192 -1.008310229610186e-03  
      193 -9.974524536930695e-04  
      194 -9.858073074982114e-04  
      195 -9.733880906854587e-04  
      196 -9.602086629209490e-04  
      197 -9.462834313238987e-04  
      198 -9.316273375099578e-04  
      199 -9.162558442421755e-04  
      200  0.000000000000000e+00  
        3  6.767831448825864e+00  6.770800748044236e+00 
        0  0.000000000000000e+00  
        1  0.000000000000000e+00  
        2  6.109720464279566e-05  
        3 -1.223017259739816e-04  
        4  1.766259617938453e-04  
        5 -2.262580026851690e-04  
        6  2.734389314452113e-04  
        7 -3.194099832455954e-04  
        8  3.647367007567933e-04  
        9 -4.096448963027918e-04  
       10  4.542091391414246e-04  
       11 -4.984411188763103e-04  
       12  5.423275787096508e-04  
       13 -5.858457644356745e-04  
       14  6.289695021404336e-04  
       15 -6.716715352896756e-04  
       16  7.139244134066408e-04  
       17 -7.557008324659087e-04  
       18  7.969737713214618e-04  
       19 -8.377165532446796e-04  
       20  8.779028801786579e-04  
       21 -9.175068570284079e-04  
       22  9.565030122109405e-04  
       23 -9.948663166741054e-04  
       24  1.032572202155527e-03  
       25 -1.069596578943151e-03  
       26  1.105915853219729e-03  
       27 -1.141506944011216e-03  
       28  1.176347299737571e-03  
       29 -1.210414914357342e-03  
       30  1.243688343095102e-03  
       31 -1.276146717740318e-03  
       32  1.307769761506222e-03  
       33 -1.338537803437559e-03  
       34  1.368431792356331e-03  
       35 -1.397433310335100e-03  
       36  1.425524585687690e-03  
       37 -1.452688505467569e-03  
       38  1.478908627464558e-03  
       39 -1.504169191690885e-03  
       40  1.528455131348052e-03  
       41 -1.551752083266327e-03  
       42  1.574046397809148e-03  
       43 -1.595325148235107e-03  
       44  1.615576139510618e-03  
       45 -1.634787916566785e-03  
       46  1.652949771994484e-03  
       47 -1.670051753172013e-03  
       48  1.686084668820199e-03  
       49 -1.701040094980253e-03  
       50  1.714910380410119e-03  
       51 -1.727688651395527e-03  
       52  1.739368815972420e-03  
       53 -1.749945567557865e-03  
       54  1.759414387987051e-03  
       55 -1.767771549954408e-03  
       56  1.775014118857370e-03  
       57 -1.781139954041755e-03  
       58  1.786147709448228e-03  
       59 -1.790036833659727e-03  
       60  1.792807569350267e-03  
       61 -1.794460952135950e-03  
       62  1.794998808829490e-03  
       63 -1.794423755100050e-03  
       64  1.792739192540591e-03  
       65 -1.789949305145488e-03  
       66  1.786059055201502e-03  
       67 -1.781074178595782e-03  
       68  1.775001179544917e-03  
       69 -1.767847324749583e-03  
       70  1.759620636979713e-03  
       71 -1.750329888095620e-03  
       72  1.739984591510875e-03  
       73 -1.728594994103243e-03  
       74  1.716172067580343e-03  
       75 -1.702727499307148e-03  
       76  1.688273682602873e-03  
       77 -1.672823706515170e-03  
       78  1.656391345079978e-03  
       79 -1.638991046075756e-03  
       80  1.620637919281241e-03  
       81 -1.601347724246212e-03  
       82  1.581136857585147e-03  
       83 -1.560022339804035e-03  
       84  1.538021801670904e-03  
       85 -1.515153470141047e-03  
       86  1.491436153848221e-03  
       87 -1.466889228173428e-03  
       88  1.441532619903230e-03  
       89 -1.415386791489839e-03  
       90  1.388472724925536e-03  
       91 -1.360811905244260e-03  
       92  1.332426303663482e-03  
       93 -1.303338360379776e-03  
       94  1.273570967031712e-03  
       95 -1.243147448843999e-03  
       96  1.212091546466993e-03  
       97 -1.180427397525944e-03  
       98  1.148179517894571e-03  
       99 -1.115372782707715e-03  
      100  1.082032407128077e-03  
      101 -1.048183926882170e-03  
      102  1.013853178580801e-03  
      103 -9.790662798395764e-04  
      104  9.438496092150133e-04  
      105 -9.082297859720277e-04  
      106  8.722336496986456e-04  
      107 -8.358882397839069e-04  
      108  7.992207747750167e-04  
      109 -7.622586316298811e-04  
      110  7.250293248812330e-04  
      111 -6.875604857285936e-04  
      112  6.498798410743765e-04  
      113 -6.120151925204473e-04  
      114  5.739943953414814e-04  
      115 -5.358453374514584e-04  
      116  4.975959183796159e-04  
      117 -4.592740282721705e-04  
      118  4.209075269360664e-04  
      119 -3.825242229409706e-04  
      120  3.441518527956632e-04  
      121 -3.058180602148994e-04  
      122  2.675503754927336e-04  
      123 -2.293761949981871e-04  
      124  1.913227608090361e-04  
      125 -1.534171404993654e-04  
      126  1.156862070963943e-04  
      127 -7.815661922193592e-05  
      128  4.085480143368246e-05  
      129 -3.806924781337964e-06  
      130 -3.296111240756687e-05  
      131  6.942370349754137e-05  
      132 -1.055555522562559e-04  
      133  1.413316912927106e-04  
      134 -1.767275002084766e-04  
      135  2.117187234482778e-04  
      136 -2.462814878364328e-04  
      137  2.803923197859435e-04  
      138 -3.140281621672858e-04  
      139  3.471663908242484e-04  
      140 -3.797848307244517e-04  
      141  4.118617717324898e-04  
      142 -4.433759839939449e-04  
      143  4.743067329188502e-04  
      144 -5.046337937534998e-04  
      145  5.343374657298572e-04  
      146 -5.633985857821435e-04  
      147  5.917985418205541e-04  
      148 -6.195192855524111e-04  
      149  6.465433448414298e-04  
      150 -6.728538355961488e-04  
      151  6.984344731789686e-04  
      152 -7.232695833276209e-04  
      153  7.473441125812981e-04  
      154 -7.706436382040634e-04  
      155  7.931543775985815e-04  
      156 -8.148631972036134e-04  
      157  8.357576208691358e-04  
      158 -8.558258377033792e-04  
      159  8.750567093864842e-04  
      160 -8.934397769459277e-04  
      161  9.109652669892872e-04  
      162 -9.276240973903528e-04  
      163  9.434078824250361e-04  
      164 -9.583089373539673e-04  
      165  9.723202824491122e-04  
      166 -9.854356464621850e-04  
      167  9.976494695330756e-04  
      168 -1.008956905536979e-03  
      169  1.019353823869317e-03  
      170 -1.028836810668040e-03  
      171  1.037403169473309e-03  
      172 -1.045050921325023e-03  
      173  1.051778804299087e-03  
      174 -1.057586272483781e-03  
      175  1.062473494398019e-03  
      176 -1.066441350853726e-03  
      177  1.069491432265008e-03  
      178 -1.071626035407231e-03  
      179  1.072848159629538e-03  
      180 -1.073161502524784e-03  
      181  1.072570455061277e-03  
      182 -1.071080096181155e-03  
      183  1.068696186870627e-03  
      184 -1.065425163707728e-03  
      185  1.061274131893652e-03  
      186 -1.056250857774108e-03  
      187  1.050363760857570e-03  
      188 -1.043621905337659e-03  
      189  1.036034991127290e-03  
      190 -1.027613344412597e-03  
      191  1.018367907735001e-03  
      192 -1.008310229610186e-03  
      193  9.974524536930695e-04  
      194 -9.858073074982114e-04  
      195  9.733880906854587e-04  
      196 -9.602086629209490e-04  
      197  9.462834313238987e-04  
      198 -9.316273375099578e-04  
      199  9.162558442421755e-04  
      200  0.000000000000000e+00  
        1  2.250000000000000e+00  2.284721042053055e+00 
        0  0.000000000000000e+00  
        1  0.000000000000000e+00  
        2 -1.590642040768898e-03  
        3  0.000000000000000e+00  
        4 -3.013539333217154e-03  
        5  0.000000000000000e+00  
        6 -4.142985669788630e-03  
        7  0.000000000000000e+00  
        8 -4.883052859950780e-03  
        9  0.000000000000000e+00  
       10 -5.176910648330960e-03  
       11  0.000000000000000e+00  
       12 -5.012034701317122e-03  
       13  0.000000000000000e+00  
       14 -4.420785064719298e-03  
       15  0.000000000000000e+00  
       16 -3.476336115187774e-03  
       17  0.000000000000000e+00  
       18 -2.284436709596699e-03  
       19  0.000000000000000e+00  
       20 -9.719215402760800e-04  
       21  0.000000000000000e+00  
       22  3.267664266242761e-04  
       23  0.000000000000000e+00  
       24  1.483583482389181e-03  
       25  0.000000000000000e+00  
       26  2.389925153765160e-03  
       27  0.000000000000000e+00  
       28  2.967325840456100e-03  
       29  0.000000000000000e+00  
       30  3.174718113130243e-03  
       31  0.000000000000000e+00  
       32  3.011541006835443e-03  
       33  0.000000000000000e+00  
       34  2.516448400655965e-03  
       35  0.000000000000000e+00  
       36  1.761851033199150e-03  
       37  0.000000000000000e+00  
       38  8.449753840285252e-04  
       39  0.000000000000000e+00  
       40 -1.235097038192403e-04  
       41  0.000000000000000e+00  
       42 -1.032001747346581e-03  
       43  0.000000000000000e+00  
       44 -1.780212909658559e-03  
       45  0.000000000000000e+00  
       46 -2.289819197589584e-03  
       47  0.000000000000000e+00  
       48 -2.512376362241971e-03  
       49  0.000000000000000e+00  
       50 -2.433694999662324e-03  
       51  0.000000000000000e+00  
       52 -2.074277925480371e-03  
       53  0.000000000000000e+00  
       54 -1.485870085169667e-03  
       55  0.000000000000000e+00  
       56 -7.446043662794611e-04  
       57  0.000000000000000e+00  
       58  5.840266995428974e-05  
       59  0.000000000000000e+00  
       60  8.278835399622436e-04  
       61  0.000000000000000e+00  
       62  1.475423341715904e-03  
       63  0.000000000000000e+00  
       64  1.929384686131558e-03  
       65  0.000000000000000e+00  
       66  2.142654206656594e-03  
       67  0.000000000000000e+00  
       68  2.097381941207007e-03  
       69  0.000000000000000e+00  
       70  1.806244784779797e-03  
       71  0.000000000000000e+00  
       72  1.310171400003491e-03  
       73  0.000000000000000e+00  
       74  6.728713783917712e-04  
       75  0.000000000000000e+00  
       76 -2.713015818808741e-05  
       77  0.000000000000000e+00  
       78 -7.059800536255114e-04  
       79  0.000000000000000e+00  
       80 -1.284379607723493e-03  
       81  0.000000000000000e+00  
       82 -1.696712623522148e-03  
       83  0.000000000000000e+00  
       84 -1.898379801934301e-03  
       85  0.000000000000000e+00  
       86 -1.870528087905861e-03  
       87  0.000000000000000e+00  
       88 -1.621680719693605e-03  
       89  0.000000000000000e+00  
       90 -1.186142125892212e-03  
       91  0.000000000000000e+00  
       92 -6.194280638379859e-04  
       93  0.000000000000000e+00  
       94  8.688112555717434e-06  
       95  0.000000000000000e+00  
       96  6.226562215222894e-04  
       97  0.000000000000000e+00  
       98  1.150138391994205e-03  
       99  0.000000000000000e+00  
      100  1.530447235806380e-03  
      101  0.000000000000000e+00  
      102  1.721456953687972e-03  
      103  0.000000000000000e+00  
      104  1.704206740731283e-03  
      105  0.000000000000000e+00  
      106  1.484699017839961e-03  
      107  0.000000000000000e+00  
      108  1.092731512673445e-03  
      109  0.000000000000000e+00  
      110  5.779519953587760e-04  
      111  0.000000000000000e+00  
      112  3.646536038129285e-06  
      113  0.000000000000000e+00  
      114 -5.609706776041010e-04  
      115  0.000000000000000e+00  
      116 -1.049034703474604e-03  
      117  0.000000000000000e+00  
      118 -1.403891529067229e-03  
      119  0.000000000000000e+00  
      120 -1.585625613376747e-03  
      121  0.000000000000000e+00  
      122 -1.575505969551381e-03  
      123  0.000000000000000e+00  
      124 -1.377859756954257e-03  
      125  0.000000000000000e+00  
      126 -1.019192500213805e-03  
      127  0.000000000000000e+00  
      128 -5.447009078659281e-04  
      129  0.000000000000000e+00  
      130 -1.262921570221598e-05  
      131  0.000000000000000e+00  
      132  5.128324877095204e-04  
      133  0.000000000000000e+00  
      134  9.692476862442717e-04  
      135  0.000000000000000e+00  
      136  1.303312118059620e-03  
      137  0.000000000000000e+00  
      138  1.477044029046243e-03  
      139  0.000000000000000e+00  
      140  1.472070721147808e-03  
      141  0.000000000000000e+00  
      142  1.291530833472375e-03  
      143  0.000000000000000e+00  
      144  9.594000813434281e-04  
      145  0.000000000000000e+00  
      146  5.173553586866022e-04  
      147  0.000000000000000e+00  
      148  1.958171028956487e-05  
      149  0.000000000000000e+00  
      150 -4.738352468271425e-04  
      151  0.000000000000000e+00  
      152 -9.041297875009805e-04  
      153  0.000000000000000e+00  
      154 -1.220825471025799e-03  
      155  0.000000000000000e+00  
      156 -1.387630180550627e-03  
      157  0.000000000000000e+00  
      158 -1.386571112987204e-03  
      159  0.000000000000000e+00  
      160 -1.219901088753594e-03  
      161  0.000000000000000e+00  
      162 -9.095774801033653e-04  
      163  0.000000000000000e+00  
      164 -4.944052935863567e-04  
      165  0.000000000000000e+00  
      166 -2.521190170021929e-05  
      167  0.000000000000000e+00  
      168  4.413499031325665e-04  
      169  0.000000000000000e+00  
      170  8.496180673577420e-04  
      171  0.000000000000000e+00  
      172  1.151539401966076e-03  
      173  0.000000000000000e+00  
      174  1.312305315821616e-03  
      175  0.000000000000000e+00  
      176  1.314346371002738e-03  
      177  0.000000000000000e+00  
      178  1.159229229955656e-03  
      179  0.000000000000000e+00  
      180  8.672538699646124e-04  
      181  0.000000000000000e+00  
      182  4.748244719217172e-04  
      183  0.000000000000000e+00  
      184  2.993123036642867e-05  
      185  0.000000000000000e+00  
      186 -4.136987073835516e-04  
      187  0.000000000000000e+00  
      188 -8.030706631673315e-04  
      189  0.000000000000000e+00  
      190 -1.092235428446602e-03  
      191  0.000000000000000e+00  
      192 -1.247695803318430e-03  
      193  0.000000000000000e+00  
      194 -1.252272267800079e-03  
      195  0.000000000000000e+00  
      196 -1.106983268456301e-03  
      197  0.000000000000000e+00  
      198 -8.307364405892836e-04  
      199  0.000000000000000e+00  
      200  0.000000000000000e+00  
        2 -2.319442084106111e+00  6.830976546473974e+00 
        0  0.000000000000000e+00  
        1  0.000000000000000e+00  
        2 -5.951461364141524e-05  
        3 -1.194332516041680e-04  
        4 -1.723981652817483e-04  
        5 -2.203284145476437e-04  
        6 -2.653463723203020e-04  
        7 -3.086203465750773e-04  
        8 -3.506477972440071e-04  
        9 -3.915841706417706e-04  
       10 -4.314329658161872e-04  
       11 -4.701361833094637e-04  
       12 -5.076134704518344e-04  
       13 -5.437781600819458e-04  
       14 -5.785436578998656e-04  
       15 -6.118259930468584e-04  
       16 -6.435448948697670e-04  
       17 -6.736243151628533e-04  
       18 -7.019927415130449e-04  
       19 -7.285834279149787e-04  
       20 -7.533345873934203e-04  
       21 -7.761895619452964e-04  
       22 -7.970969747423992e-04  
       23 -8.160108659789067e-04  
       24 -8.328908125745997e-04  
       25 -8.477020315881742e-04  
       26 -8.604154671128572e-04  
       27 -8.710078604348757e-04  
       28 -8.794618032729922e-04  
       29 -8.857657739645060e-04  
       30 -8.899141565133628e-04  
       31 -8.919072424672472e-04  
       32 -8.917512156420539e-04  
       33 -8.894581197635894e-04  
       34 -8.850458091475672e-04  
       35 -8.785378825897661e-04  
       36 -8.699636006884288e-04  
       37 -8.593577868704899e-04  
       38 -8.467607124418262e-04  
       39 -8.322179660293247e-04  
       40 -8.157803078289679e-04  
       41 -7.975035091192655e-04  
       42 -7.774481775429853e-04  
       43 -7.556795687022445e-04  
       44 -7.322673846523535e-04  
       45 -7.072855599183605e-04  
       46 -6.808120356948071e-04  
       47 -6.529285229237381e-04  
       48 -6.237202549783678e-04  
       49 -5.932757307098957e-04  
       50 -5.616864486427277e-04  
       51 -5.290466331286606e-04  
       52 -4.954529532934116e-04  
       53 -4.610042356291047e-04  
       54 -4.258011711039203e-04  
       55 -3.899460176750518e-04  
       56 -3.535422991032841e-04  
       57 -3.166945009769550e-04  
       58 -2.795077648596991e-04  
       59 -2.420875814802199e-04  
       60 -2.045394838833674e-04  
       61 -1.669687414600247e-04  
       62 -1.294800557687247e-04  
       63 -9.217725905456797e-05  
       64 -5.516301636089007e-05  
       65 -1.853853211630106e-05  
       66  1.759673793579589e-05  
       67  5.314536861622932e-05  
       68  8.801224016935153e-05  
       69  1.221048052975142e-04  
       70  1.553333475912598e-04  
       71  1.876112306037144e-04  
       72  2.188551368478678e-04  
       73  2.489852960277769e-04  
       74  2.779257018491313e-04  
       75  3.056043167909492e-04  
       76  3.319532642583368e-04  
       77  3.569090075760962e-04  
       78  3.804125153244066e-04  
       79  4.024094125606745e-04  
       80  4.228501175158358e-04  
       81  4.416899633987505e-04  
       82  4.588893049887058e-04  
       83  4.744136097433115e-04  
       84  4.882335331970634e-04  
       85  5.003249784744372e-04  
       86  5.106691397903748e-04  
       87  5.192525298603287e-04  
       88  5.260669911914367e-04  
       89  5.311096912757936e-04  
       90  5.343831017559922e-04  
       91  5.358949616819776e-04  
       92  5.356582250266613e-04  
       93  5.336909926754851e-04  
       94  5.300164291521106e-04  
       95  5.246626643884671e-04  
       96  5.176626808923685e-04  
       97  5.090541867097044e-04  
       98  4.988794746206542e-04  
       99  4.871852680503580e-04  
      100  4.740225542138687e-04  
      101  4.594464050528979e-04  
      102  4.435157865577261e-04  
      103  4.262933571015805e-04  
      104  4.078452554466824e-04  
      105  3.882408791109436e-04  
      106  3.675526538118452e-04  
      107  3.458557947293015e-04  
      108  3.232280603522020e-04  
      109  2.997494996937927e-04  
      110  2.755021936790161e-04  
      111  2.505699915223656e-04  
      112  2.250382429276394e-04  
      113  1.989935269512053e-04  
      114  1.725233783779637e-04  
      115  1.457160124641021e-04  
      116  1.186600489029850e-04  
      117  9.144423587008484e-05  
      118  6.415717499976822e-05  
      119  3.688704814100888e-05  
      120  9.721346730729871e-06  
      121 -1.725339538747842e-05  
      122 -4.395186488502632e-05  
      123 -7.029022681215168e-05  
      124 -9.618637662413215e-05  
      125 -1.215601856109476e-04  
      126 -1.463337389946026e-04  
      127 -1.704315659836993e-04  
      128 -1.937808611023738e-04  
      129 -2.163116961402916e-04  
      130 -2.379572221019302e-04  
      131 -2.586538605667684e-04  
      132 -2.783414839071319e-04  
      133 -2.969635838472060e-04  
      134 -3.144674278849880e-04  
      135 -3.308042031386147e-04  
      136 -3.459291472193917e-04  
      137 -3.598016657758992e-04  
      138 -3.723854363965523e-04  
      139 -3.836484986018769e-04  
      140 -3.935633297023298e-04  
      141 -4.021069063426471e-04  
      142 -4.092607515992740e-04  
      143 -4.150109675432745e-04  
      144 -4.193482532271091e-04  
      145 -4.222679080996382e-04  
      146 -4.237698208995219e-04  
      147 -4.238584441227058e-04  
      148 -4.225427542047488e-04  
      149 -4.198361976032384e-04  
      150 -4.157566230092959e-04  
      151 -4.103261999600812e-04  
      152 -4.035713241661134e-04  
      153 -3.955225099080021e-04  
      154 -3.862142698967325e-04  
      155 -3.756849830298001e-04  
      156 -3.639767505121776e-04  
      157 -3.511352408461651e-04  
      158 -3.372095242275557e-04  
      159 -3.222518969171030e-04  
      160 -3.063176961859437e-04  
      161 -2.894651064612959e-04  
      162 -2.717549573243526e-04  
      163 -2.532505140357351e-04  
      164 -2.340172612851053e-04  
      165 -2.141226808804871e-04  
      166 -1.936360241094671e-04  
      167 -1.726280795186909e-04  
      168 -1.511709368698967e-04  
      169 -1.293377480401051e-04  
      170 -1.072024856404965e-04  
      171 -8.483970013293045e-05  
      172 -6.232427622499232e-05  
      173 -3.973118932389694e-05  
      174 -1.713526282653515e-05  
      175  5.389072982554843e-06  
      176  2.776801966145658e-05  
      177  4.992864621590473e-05  
      178  7.179912083831815e-05  
      179  9.330893805512282e-05  
      180  1.143891405739628e-04  
      181  1.349725351419092e-04  
      182  1.549939017474310e-04  
      183  1.743901955225979e-04  
      184  1.931007407276788e-04  
      185  2.110674162278774e-04  
      186  2.282348319013241e-04  
      187  2.445504954485199e-04  
      188  2.599649691060976e-04  
      189  2.744320158019178e-04  
      190  2.879087343240463e-04  
      191  3.003556831129325e-04  
      192  3.117369923240261e-04  
      193  3.220204638469813e-04  
      194  3.311776590073968e-04  
      195  3.391839737175929e-04  
      196  3.460187008840801e-04  
      197  3.516650799210339e-04  
      198  3.561103332610806e-04  
      199  3.593456897969097e-04  
      200  0.000000000000000e+00  
        3  6.819442084106111e+00  6.830976546473974e+00 
        0  0.000000000000000e+00  
        1  0.000000000000000e+00  
        2 -5.951461364141524e-05  
        3  1.194332516041680e-04  
        4 -1.723981652817483e-04  
        5  2.203284145476437e-04  
        6 -2.653463723203020e-04  
        7  3.086203465750773e-04  
        8 -3.506477972440071e-04  
        9  3.915841706417706e-04  
       10 -4.314329658161872e-04  
       11  4.701361833094637e-04  
       12 -5.076134704518344e-04  
       13  5.437781600819458e-04  
       14 -5.785436578998656e-04  
       15  6.118259930468584e-04  
       16 -6.435448948697670e-04  
       17  6.736243151628533e-04  
       18 -7.019927415130449e-04  
       19  7.285834279149787e-04  
       20 -7.533345873934203e-04  
       21  7.761895619452964e-04  
       22 -7.970969747423992e-04  
       23  8.160108659789067e-04  
       24 -8.328908125745997e-04  
       25  8.477020315881742e-04  
       26 -8.604154671128572e-04  
       27  8.710078604348757e-04  
       28 -8.794618032729922e-04  
       29  8.857657739645060e-04  
       30 -8.899141565133628e-04  
       31  8.919072424672472e-04  
       32 -8.917512156420539e-04  
       33  8.894581197635894e-04  
       34 -8.850458091475672e-04  
       35  8.785378825897661e-04  
       36 -8.699636006884288e-04  
       37  8.593577868704899e-04  
       38 -8.467607124418262e-04  
       39  8.322179660293247e-04  
       40 -8.157803078289679e-04  
       41  7.975035091192655e-04  
       42 -7.774481775429853e-04  
       43  7.556795687022445e-04  
       44 -7.322673846523535e-04  
       45  7.072855599183605e-04  
       46 -6.808120356948071e-04  
       47  6.529285229237381e-04  
       48 -6.237202549783678e-04  
       49  5.932757307098957e-04  
       50 -5.616864486427277e-04  
       51  5.290466331286606e-04  
       52 -4.954529532934116e-04  
       53  4.610042356291047e-04  
       54 -4.258011711039203e-04  
       55  3.899460176750518e-04  
       56 -3.535422991032841e-04  
       57  3.166945009769550e-04  
       58 -2.795077648596991e-04  
       59  2.420875814802199e-04  
       60 -2.045394838833674e-04  
       61  1.669687414600247e-04  
       62 -1.294800557687247e-04  
       63  9.217725905456797e-05  
       64 -5.516301636089007e-05  
       65  1.853853211630106e-05  
       66  1.759673793579589e-05  
       67 -5.314536861622932e-05  
       68  8.801224016935153e-05  
       69 -1.221048052975142e-04  
       70  1.553333475912598e-04  
       71 -1.876112306037144e-04  
       72  2.188551368478678e-04  
       73 -2.489852960277769e-04  
       74  2.779257018491313e-04  
       75 -3.056043167909492e-04  
       76  3.319532642583368e-04  
       77 -3.569090075760962e-04  
       78  3.804125153244066e-04  
       79 -4.024094125606745e-04  
       80  4.228501175158358e-04  
       81 -4.416899633987505e-04  
       82  4.588893049887058e-04  
       83 -4.744136097433115e-04  
       84  4.882335331970634e-04  
       85 -5.003249784744372e-04  
       86  5.106691397903748e-04  
       87 -5.192525298603287e-04  
       88  5.260669911914367e-04  
       89 -5.311096912757936e-04  
       90  5.343831017559922e-04  
       91 -5.358949616819776e-04  
       92  5.356582250266613e-04  
       93 -5.336909926754851e-04  
       94  5.300164291521106e-04  
       95 -5.246626643884671e-04  
       96  5.176626808923685e-04  
       97 -5.090541867097044e-04  
       98  4.988794746206542e-04  
       99 -4.871852680503580e-04  
      100  4.740225542138687e-04  
      101 -4.594464050528979e-04  
      102  4.435157865577261e-04  
      103 -4.262933571015805e-04  
      104  4.078452554466824e-04  
      105 -3.882408791109436e-04  
      106  3.675526538118452e-04  
      107 -3.458557947293015e-04  
      108  3.232280603522020e-04  
      109 -2.997494996937927e-04  
      110  2.755021936790161e-04  
      111 -2.505699915223656e-04  
      112  2.250382429276394e-04  
      113 -1.989935269512053e-04  
      114  1.725233783779637e-04  
      115 -1.457160124641021e-04  
      116  1.186600489029850e-04  
      117 -9.144423587008484e-05  
      118  6.415717499976822e-05  
      119 -3.688704814100888e-05  
      120  9.721346730729871e-06  
      121  1.725339538747842e-05  
      122 -4.395186488502632e-05  
      123  7.029022681215168e-05  
      124 -9.618637662413215e-05  
      125  1.215601856109476e-04  
      126 -1.463337389946026e-04  
      127  1.704315659836993e-04  
      128 -1.937808611023738e-04  
      129  2.163116961402916e-04  
      130 -2.379572221019302e-04  
      131  2.586538605667684e-04  
      132 -2.783414839071319e-04  
      133  2.969635838472060e-04  
      134 -3.144674278849880e-04  
      135  3.308042031386147e-04  
      136 -3.459291472193917e-04  
      137  3.598016657758992e-04  
      138 -3.723854363965523e-04  
      139  3.836484986018769e-04  
      140 -3.935633297023298e-04  
      141  4.021069063426471e-04  
      142 -4.092607515992740e-04  
      143  4.150109675432745e-04  
      144 -4.193482532271091e-04  
      145  4.222679080996382e-04  
      146 -4.237698208995219e-04  
      147  4.238584441227058e-04  
      148 -4.225427542047488e-04  
      149  4.198361976032384e-04  
      150 -4.157566230092959e-04  
      151  4.103261999600812e-04  
      152 -4.035713241661134e-04  
      153  3.955225099080021e-04  
      154 -3.862142698967325e-04  
      155  3.756849830298001e-04  
      156 -3.639767505121776e-04  
      157  3.511352408461651e-04  
      158 -3.372095242275557e-04  
      159  3.222518969171030e-04  
      160 -3.063176961859437e-04  
      161  2.894651064612959e-04  
      162 -2.717549573243526e-04  
      163  2.532505140357351e-04  
      164 -2.340172612851053e-04  
      165  2.141226808804871e-04  
      166 -1.936360241094671e-04  
      167  1.726280795186909e-04  
      168 -1.511709368698967e-04  
      169  1.293377480401051e-04  
      170 -1.072024856404965e-04  
      171  8.483970013293045e-05  
      172 -6.232427622499232e-05  
      173  3.973118932389694e-05  
      174 -1.713526282653515e-05  
      175 -5.389072982554843e-06  
      176  2.776801966145658e-05  
      177 -4.992864621590473e-05  
      178  7.179912083831815e-05  
      179 -9.330893805512282e-05  
      180  1.143891405739628e-04  
      181 -1.349725351419092e-04  
      182  1.549939017474310e-04  
      183 -1.743901955225979e-04  
      184  1.931007407276788e-04  
      185 -2.110674162278774e-04  
      186  2.282348319013241e-04  
      187 -2.445504954485199e-04  
      188  2.599649691060976e-04  
      189 -2.744320158019178e-04  
      190  2.879087343240463e-04  
      191 -3.003556831129325e-04  
      192  3.117369923240261e-04  
      193 -3.220204638469813e-04  
      194  3.311776590073968e-04  
      195 -3.391839737175929e-04  
      196  3.460187008840801e-04  
      197 -3.516650799210339e-04  
      198  3.561103332610806e-04  
      199 -3.593456897969097e-04  
      200  0.000000000000000e+00  
        1  1.699999999999999e-01  2.562952204002251e-01 
        0  0.000000000000000e+00  
        1  0.000000000000000e+00  
        2  5.767569638357574e-01  
        3  0.000000000000000e+00  
        4  3.197715836499624e-02  
        5  0.000000000000000e+00  
        6 -3.843884683398637e-01  
        7  0.000000000000000e+00  
        8  4.000956517406487e-02  
        9  0.000000000000000e+00  
       10  2.961129026688524e-01  
       11  0.000000000000000e+00  
       12 -8.958252683229466e-02  
       13  0.000000000000000e+00  
       14 -2.319604155935544e-01  
       15  0.000000000000000e+00  
       16  1.236997167607342e-01  
       17  0.000000000000000e+00  
       18  1.772401668505105e-01  
       19  0.000000000000000e+00  
       20 -1.458281988099523e-01  
       21  0.000000000000000e+00  
       22 -1.277761996776283e-01  
       23  0.000000000000000e+00  
       24  1.578781821826946e-01  
       25  0.000000000000000e+00  
       26  8.243908066122145e-02  
       27  0.000000000000000e+00  
       28 -1.611903998809271e-01  
       29  0.000000000000000e+00  
       30 -4.120488903756216e-02  
       31  0.000000000000000e+00  
       32  1.569271716059372e-01  
       33  0.000000000000000e+00  
       34  4.462412417643741e-03  
       35  0.000000000000000e+00  
       36 -1.462291136660112e-01  
       37  0.000000000000000e+00  
       38  2.729090499595072e-02  
       39  0.000000000000000e+00  
       40  1.302706325470399e-01  
       41  0.000000000000000e+00  
       42 -5.360244421427632e-02  
       43  0.000000000000000e+00  
       44 -1.102669022820686e-01  
       45  0.000000000000000e+00  
       46  7.414797282373899e-02  
       47  0.000000000000000e+00  
       48  8.745596693781957e-02  
       49  0.000000000000000e+00  
       50 -8.877679766100822e-02  
       51  0.000000000000000e+00  
       52 -6.306808365566897e-02  
       53  0.000000000000000e+00  
       54  9.753240531870207e-02  
       55  0.000000000000000e+00  
       56  3.828938296717314e-02  
       57  0.000000000000000e+00  
       58 -1.006555641047747e-01  
       59  0.000000000000000e+00  
       60 -1.422447512398811e-02  
       61  0.000000000000000e+00  
       62  9.857399680697411e-02  
       63  0.000000000000000e+00  
       64 -8.138721175524151e-03  
       65  0.000000000000000e+00  
       66 -9.188153584829130e-02  
       67  0.000000000000000e+00  
       68  2.795952331177635e-02  
       69  0.000000000000000e+00  
       70  8.130918733215710e-02  
       71  0.000000000000000e+00  
       72 -4.456865538111145e-02  
       73  0.000000000000000e+00  
       74 -6.769034455278707e-02  
       75  0.000000000000000e+00  
       76  5.748485617177442e-02  
       77  0.000000000000000e+00  
       78  5.192231291993432e-02  
       79  0.000000000000000e+00  
       80 -6.642324322488884e-02  
       81  0.000000000000000e+00  
       82 -3.492624370388986e-02  
       83  0.000000000000000e+00  
       84  7.129522404105818e-02  
       85  0.000000000000000e+00  
       86  1.760747798998846e-02  
       87  0.000000000000000e+00  
       88 -7.220018258927301e-02  
       89  0.000000000000000e+00  
       90 -8.181542804689173e-04  
       91  0.000000000000000e+00  
       92  6.940956388605049e-02  
       93  0.000000000000000e+00  
       94 -1.467627274736007e-02  
       95  0.000000000000000e+00  
       96 -6.334432157666557e-02  
       97  0.000000000000000e+00  
       98  2.822521581822879e-02  
       99  0.000000000000000e+00  
      100  5.454697315529561e-02  
      101  0.000000000000000e+00  
      102 -3.931476179118053e-02  
      103  0.000000000000000e+00  
      104 -4.364971626279390e-02  
      105  0.000000000000000e+00  
      106  4.758236345106419e-02  
      107  0.000000000000000e+00  
      108  3.134019152240521e-02  
      109  0.000000000000000e+00  
      110 -5.282403818293144e-02  
      111  0.000000000000000e+00  
      112 -1.832652988724150e-02  
      113  0.000000000000000e+00  
      114  5.499405804564070e-02  
      115  0.000000000000000e+00  
      116  5.303296169513061e-03  
      117  0.000000000000000e+00  
      118 -5.419746506457620e-02  
      119  0.000000000000000e+00  
      120  7.080160575455586e-03  
      121  0.000000000000000e+00  
      122  5.067606613377992e-02  
      123  0.000000000000000e+00  
      124 -1.824760746865116e-02  
      125  0.000000000000000e+00  
      126 -4.478884002522273e-02  
      127  0.000000000000000e+00  
      128  2.771896213856753e-02  
      129  0.000000000000000e+00  
      130  3.698791319805465e-02  
      131  0.000000000000000e+00  
      132 -3.512761409319934e-02  
      133  0.000000000000000e+00  
      134 -2.779142273494743e-02  
      135  0.000000000000000e+00  
      136  4.023148660645438e-02  
      137  0.000000000000000e+00  
      138  1.775467831989379e-02  
      139  0.000000000000000e+00  
      140 -4.291760802386404e-02  
      141  0.000000000000000e+00  
      142 -7.441058581685962e-03  
      143  0.000000000000000e+00  
      144  4.320027642588259e-02  
      145  0.000000000000000e+00  
      146 -2.605968391967699e-03  
      147  0.000000000000000e+00  
      148 -4.121320123120758e-02  
      149  0.000000000000000e+00  
      150  1.188842052967129e-02  
      151  0.000000000000000e+00  
      152  3.719627577982349e-02  
      153  0.000000000000000e+00  
      154 -1.997586039082467e-02  
      155  0.000000000000000e+00  
      156 -3.147786422948700e-02  
      157  0.000000000000000e+00  
      158  2.652303816009004e-02  
      159  0.000000000000000e+00  
      160  2.445366459978240e-02  
      161  0.000000000000000e+00  
      162 -3.128246957195500e-02  
      163  0.000000000000000e+00  
      164 -1.656333061909762e-02  
      165  0.000000000000000e+00  
      166  3.411157063001009e-02  
      167  0.000000000000000e+00  
      168  8.266094287011212e-03  
      169  0.000000000000000e+00  
      170 -3.497425043705451e-02  
      171  0.000000000000000e+00  
      172 -1.662797717764381e-05  
      173  0.000000000000000e+00  
      174  3.393713720923230e-02  
      175  0.000000000000000e+00  
      176 -7.757678252234638e-03  
      177  0.000000000000000e+00  
      178 -3.116086748752373e-02  
      179  0.000000000000000e+00  
      180  1.467696657176104e-02  
      181  0.000000000000000e+00  
      182  2.688709288958642e-02  
      183  0.000000000000000e+00  
      184 -2.042579633289713e-02  
      185  0.000000000000000e+00  
      186 -2.142204253876858e-02  
      187  0.000000000000000e+00  
      188  2.476597481432166e-02  
      189  0.000000000000000e+00  
      190  1.511761494101962e-02  
      191  0.000000000000000e+00  
      192 -2.754487374322072e-02  
      193  0.000000000000000e+00  
      194 -8.351055540120762e-03  
      195  0.000000000000000e+00  
      196  2.869901487848104e-02  
      197  0.000000000000000e+00  
      198  1.504303234215825e-03  
      199  0.000000000000000e+00  
      200  0.000000000000000e+00  
        2 -3.425904408004503e-01  7.090253520658855e-01 
        0  0.000000000000000e+00  
        1  0.000000000000000e+00  
        2  2.724137821579040e-02  
        3  5.908252798136705e-02  
        4  8.562486934544200e-02  
        5  1.036465226217882e-01  
        6  1.128606249225049e-01  
        7  1.140187926399209e-01  
        8  1.081445816762752e-01  
        9  9.632587795092257e-02  
       10  7.971538948649284e-02  
       11  5.956519890672685e-02  
       12  3.723047422192521e-02  
       13  1.413223331885058e-02  
       14 -8.309627076203053e-03  
       15 -2.875730518702349e-02  
       16 -4.603641752005627e-02  
       17 -5.920767431667943e-02  
       18 -6.762224088138435e-02  
       19 -7.095673472061349e-02  
       20 -6.922585948638214e-02  
       21 -6.277238860129510e-02  
       22 -5.223572480917338e-02  
       23 -3.850161532381865e-02  
       24 -2.263676572778055e-02  
       25 -5.813009788846999e-03  
       26  1.077370299007723e-02  
       27  2.598398800947920e-02  
       28  3.880997838183501e-02  
       29  4.843963280566208e-02  
       30  5.430628550658743e-02  
       31  5.612039607111192e-02  
       32  5.388171805183736e-02  
       33  4.787146777243078e-02  
       34  3.862544421019991e-02  
       35  2.689033333937112e-02  
       36  1.356653923523549e-02  
       37 -3.582540044062247e-04  
       38 -1.388002646436667e-02  
       39 -2.604888744819938e-02  
       40 -3.603420089592777e-02  
       41 -4.317996888608464e-02  
       42 -4.704682574573093e-02  
       43 -4.743799010611845e-02  
       44 -4.440768451250989e-02  
       45 -3.825177876108064e-02  
       46 -2.948165611615893e-02  
       47 -1.878345453834343e-02  
       48 -6.965819067911697e-03  
       49  5.099949533418855e-03  
       50  1.654299965083281e-02  
       51  2.655478393684399e-02  
       52  3.444532655517400e-02  
       53  3.969003140088358e-02  
       54  4.196389174968498e-02  
       55  4.116090272365498e-02  
       56  3.739755900399135e-02  
       57  3.100046324905100e-02  
       58  2.247919426871715e-02  
       59  1.248660922192437e-02  
       60  1.769610004958017e-03  
       61 -8.885967451945405e-03  
       62 -1.871232226699461e-02  
       63 -2.701442759118759e-02  
       64 -3.321867234725548e-02  
       65 -3.691203125045788e-02  
       66 -3.786911395178189e-02  
       67 -3.606534740972052e-02  
       68 -3.167556022120630e-02  
       69 -2.505828999334067e-02  
       70 -1.672714955504104e-02  
       71 -7.311493174173400e-03  
       72  2.490643063680859e-03  
       73  1.196384190225186e-02  
       74  2.042710694945575e-02  
       75  2.728244231790403e-02  
       76  3.205676799501813e-02  
       77  3.443425347412531e-02  
       78  3.427687852171666e-02  
       79  3.163190374955209e-02  
       80  2.672589054613412e-02  
       81  1.994588038183606e-02  
       82  1.180925788141394e-02  
       83  2.924615545548711e-03  
       84 -6.053444790912647e-03  
       85 -1.447223986767249e-02  
       86 -2.172817394471054e-02  
       87 -2.730975855919487e-02  
       88 -3.083343347258871e-02  
       89 -3.206969497822156e-02  
       90 -3.095776627511345e-02  
       91 -2.760789153373542e-02  
       92 -2.229123833591443e-02  
       93 -1.541828678121753e-02  
       94 -7.507403541245412e-03  
       95  8.540126621020136e-04  
       96  9.052919336259419e-03  
       97  1.649536354549597e-02  
       98  2.264931092765541e-02  
       99  2.708249544044785e-02  
      100  2.949260918779830e-02  
      101  2.972773508708862e-02  
      102  2.779565354250223e-02  
      103  2.386147359913078e-02  
      104  1.823388919226138e-02  
      105  1.134118040371340e-02  
      106  3.698809281137529e-03  
      107 -4.128951973491267e-03  
      108 -1.157051679429233e-02  
      109 -1.808856435962283e-02  
      110 -2.321869019278134e-02  
      111 -2.660235698357391e-02  
      112 -2.801181682153663e-02  
      113 -2.736528149682161e-02  
      114 -2.473134157295898e-02  
      115 -2.032242402435054e-02  
      116 -1.447787463975974e-02  
      117 -7.637997431677744e-03  
      118 -3.110254693915330e-04  
      119  6.964509595732375e-03  
      120  1.365923275252272e-02  
      121  1.929132393433598e-02  
      122  2.346108247964641e-02  
      123  2.587918582695311e-02  
      124  2.638665180347625e-02  
      125  2.496513490117614e-02  
      126  2.173690141445146e-02  
      127  1.695458359455468e-02  
      128  1.098155393635158e-02  
      129  4.264433773069500e-03  
      130 -2.700192661210759e-03  
      131 -9.402385963092718e-03  
      132 -1.535608988844034e-02  
      133 -2.013428793536504e-02  
      134 -2.339954176980365e-02  
      135 -2.492773356571421e-02  
      136 -2.462334773560744e-02  
      137 -2.252525722418794e-02  
      138 -1.880267880345730e-02  
      139 -1.374167927566971e-02  
      140 -7.723297918011612e-03  
      141 -1.194950565956344e-03  
      142  5.362745421059788e-03  
      143  1.147127176398774e-02  
      144  1.668904859248867e-02  
      145  2.064328149986654e-02  
      146  2.305652466326131e-02  
      147  2.376607225529446e-02  
      148  2.273482808465988e-02  
      149  2.005293474602712e-02  
      150  1.593012187290383e-02  
      151  1.067940868135316e-02  
      152  4.693419782792474e-03  
      153 -1.584899690020454e-03  
      154 -7.694990785385527e-03  
      155 -1.319239930935545e-02  
      156 -1.768104243778548e-02  
      157 -2.084168533770340e-02  
      158 -2.245458468685029e-02  
      159 -2.241469719189040e-02  
      160 -2.073840545299773e-02  
      161 -1.756133958755133e-02  
      162 -1.312752479240286e-02  
      163 -7.770714868677339e-03  
      164 -1.889333997576303e-03  
      165  4.083096646876481e-03  
      166  9.709856751947375e-03  
      167  1.458290634072935e-02  
      168  1.835242365223324e-02  
      169  2.075186687284147e-02  
      170  2.161676782315081e-02  
      171  2.089593623579417e-02  
      172  1.865431643199999e-02  
      173  1.506735230790987e-02  
      174  1.040733647306855e-02  
      175  5.022799953966790e-03  
      176 -6.875019008822753e-04  
      177 -6.304069551928995e-03  
      178 -1.141742960454984e-02  
      179 -1.565794177801933e-02  
      180 -1.872247599789141e-02  
      181 -2.039603740847749e-02  
      182 -2.056679969617257e-02  
      183 -1.923349910617258e-02  
      184 -1.650470627618594e-02  
      185 -1.259008881890379e-02  
      186 -7.784360816079177e-03  
      187 -2.445143627572153e-03  
      188  3.033602433793893e-03  
      189  8.250605002938859e-03  
      190  1.282662949155219e-02  
      191  1.643200801992945e-02  
      192  1.881035183649261e-02  
      193  1.979674429330191e-02  
      194  1.932912624097220e-02  
      195  1.745209150846837e-02  
      196  1.431286942181973e-02  
      197  1.014984293358621e-02  
      198  5.274493112567942e-03  
      199  4.813414785220324e-05  
      200  0.000000000000000e+00  
        3  6.825904408004502e-01  7.090253520658855e-01 
        0  0.000000000000000e+00  
        1  0.000000000000000e+00  
        2  2.724137821579040e-02  
        3 -5.908252798136705e-02  
        4  8.562486934544200e-02  
        5 -1.036465226217882e-01  
        6  1.128606249225049e-01  
        7 -1.140187926399209e-01  
        8  1.081445816762752e-01  
        9 -9.632587795092257e-02  
       10  7.971538948649284e-02  
       11 -5.956519890672685e-02  
       12  3.723047422192521e-02  
       13 -1.413223331885058e-02  
       14 -8.309627076203053e-03  
       15  2.875730518702349e-02  
       16 -4.603641752005627e-02  
       17  5.920767431667943e-02  
       18 -6.762224088138435e-02  
       19  7.095673472061349e-02  
       20 -6.922585948638214e-02  
       21  6.277238860129510e-02  
       22 -5.223572480917338e-02  
       23  3.850161532381865e-02  
       24 -2.263676572778055e-02  
       25  5.813009788846999e-03  
       26  1.077370299007723e-02  
       27 -2.598398800947920e-02  
       28  3.880997838183501e-02  
       29 -4.843963280566208e-02  
       30  5.430628550658743e-02  
       31 -5.612039607111192e-02  
       32  5.388171805183736e-02  
       33 -4.787146777243078e-02  
       34  3.862544421019991e-02  
       35 -2.689033333937112e-02  
       36  1.356653923523549e-02  
       37  3.582540044062247e-04  
       38 -1.388002646436667e-02  
       39  2.604888744819938e-02  
       40 -3.603420089592777e-02  
       41  4.317996888608464e-02  
       42 -4.704682574573093e-02  
       43  4.743799010611845e-02  
       44 -4.440768451250989e-02  
       45  3.825177876108064e-02  
       46 -2.948165611615893e-02  
       47  1.878345453834343e-02  
       48 -6.965819067911697e-03  
       49 -5.099949533418855e-03  
       50  1.654299965083281e-02  
       51 -2.655478393684399e-02  
       52  3.444532655517400e-02  
       53 -3.969003140088358e-02  
       54  4.196389174968498e-02  
       55 -4.116090272365498e-02  
       56  3.739755900399135e-02  
       57 -3.100046324905100e-02  
       58  2.247919426871715e-02  
       59 -1.248660922192437e-02  
       60  1.769610004958017e-03  
       61  8.885967451945405e-03  
       62 -1.871232226699461e-02  
       63  2.701442759118759e-02  
       64 -3.321867234725548e-02  
       65  3.691203125045788e-02  
       66 -3.786911395178189e-02  
       67  3.606534740972052e-02  
       68 -3.167556022120630e-02  
       69  2.505828999334067e-02  
       70 -1.672714955504104e-02  
       71  7.311493174173400e-03  
       72  2.490643063680859e-03  
       73 -1.196384190225186e-02  
       74  2.042710694945575e-02  
       75 -2.728244231790403e-02  
       76  3.205676799501813e-02  
       77 -3.443425347412531e-02  
       78  3.427687852171666e-02  
       79 -3.163190374955209e-02  
       80  2.672589054613412e-02  
       81 -1.994588038183606e-02  
       82  1.180925788141394e-02  
       83 -2.924615545548711e-03  
       84 -6.053444790912647e-03  
       85  1.447223986767249e-02  
       86 -2.172817394471054e-02  
       87  2.730975855919487e-02  
       88 -3.083343347258871e-02  
       89  3.206969497822156e-02  
       90 -3.095776627511345e-02  
       91  2.760789153373542e-02  
       92 -2.229123833591443e-02  
       93  1.541828678121753e-02  
       94 -7.507403541245412e-03  
       95 -8.540126621020136e-04  
       96  9.052919336259419e-03  
       97 -1.649536354549597e-02  
       98  2.264931092765541e-02  
       99 -2.708249544044785e-02  
      100  2.949260918779830e-02  
      101 -2.972773508708862e-02  
      102  2.779565354250223e-02  
      103 -2.386147359913078e-02  
      104  1.823388919226138e-02  
      105 -1.134118040371340e-02  
      106  3.698809281137529e-03  
      107  4.128951973491267e-03  
      108 -1.157051679429233e-02  
      109  1.808856435962283e-02  
      110 -2.321869019278134e-02  
      111  2.660235698357391e-02  
      112 -2.801181682153663e-02  
      113  2.736528149682161e-02  
      114 -2.473134157295898e-02  
      115  2.032242402435054e-02  
      116 -1.447787463975974e-02  
      117  7.637997431677744e-03  
      118 -3.110254693915330e-04  
      119 -6.964509595732375e-03  
      120  1.365923275252272e-02  
      121 -1.929132393433598e-02  
      122  2.346108247964641e-02  
      123 -2.587918582695311e-02  
      124  2.638665180347625e-02  
      125 -2.496513490117614e-02  
      126  2.173690141445146e-02  
      127 -1.695458359455468e-02  
      128  1.098155393635158e-02  
      129 -4.264433773069500e-03  
      130 -2.700192661210759e-03  
      131  9.402385963092718e-03  
      132 -1.535608988844034e-02  
      133  2.013428793536504e-02  
      134 -2.339954176980365e-02  
      135  2.492773356571421e-02  
      136 -2.462334773560744e-02  
      137  2.252525722418794e-02  
      138 -1.880267880345730e-02  
      139  1.374167927566971e-02  
      140 -7.723297918011612e-03  
      141  1.194950565956344e-03  
      142  5.362745421059788e-03  
      143 -1.147127176398774e-02  
      144  1.668904859248867e-02  
      145 -2.064328149986654e-02  
      146  2.305652466326131e-02  
      147 -2.376607225529446e-02  
      148  2.273482808465988e-02  
      149 -2.005293474602712e-02  
      150  1.593012187290383e-02  
      151 -1.067940868135316e-02  
      152  4.693419782792474e-03  
      153  1.584899690020454e-03  
      154 -7.694990785385527e-03  
      155  1.319239930935545e-02  
      156 -1.768104243778548e-02  
      157  2.084168533770340e-02  
      158 -2.245458468685029e-02  
      159  2.241469719189040e-02  
      160 -2.073840545299773e-02  
      161  1.756133958755133e-02  
      162 -1.312752479240286e-02  
      163  7.770714868677339e-03  
      164 -1.889333997576303e-03  
      165 -4.083096646876481e-03  
      166  9.709856751947375e-03  
      167 -1.458290634072935e-02  
      168  1.835242365223324e-02  
      169 -2.075186687284147e-02  
      170  2.161676782315081e-02  
      171 -2.089593623579417e-02  
      172  1.865431643199999e-02  
      173 -1.506735230790987e-02  
      174  1.040733647306855e-02  
      175 -5.022799953966790e-03  
      176 -6.875019008822753e-04  
      177  6.304069551928995e-03  
      178 -1.141742960454984e-02  
      179  1.565794177801933e-02  
      180 -1.872247599789141e-02  
      181  2.039603740847749e-02  
      182 -2.056679969617257e-02  
      183  1.923349910617258e-02  
      184 -1.650470627618594e-02  
      185  1.259008881890379e-02  
      186 -7.784360816079177e-03  
      187  2.445143627572153e-03  
      188  3.033602433793893e-03  
      189 -8.250605002938859e-03  
      190  1.282662949155219e-02  
      191 -1.643200801992945e-02  
      192  1.881035183649261e-02  
      193 -1.979674429330191e-02  
      194  1.932912624097220e-02  
      195 -1.745209150846837e-02  
      196  1.431286942181973e-02  
      197 -1.014984293358621e-02  
      198  5.274493112567942e-03  
      199 -4.813414785220324e-05  
      200  0.000000000000000e+00  
        1  4.999999999999982e-02  2.034400157294527e-01 
        0  0.000000000000000e+00  
        1  0.000000000000000e+00  
        2  5.328620698754456e-01  
        3  0.000000000000000e+00  
        4 -6.664483732660267e-01  
        5  0.000000000000000e+00  
        6  6.205952721910772e-01  
        7  0.000000000000000e+00  
        8 -4.575294277986288e-01  
        9  0.000000000000000e+00  
       10  2.332329139585737e-01  
       11  0.000000000000000e+00  
       12 -2.666010532950222e-03  
       13  0.000000000000000e+00  
       14 -1.868678341481234e-01  
       15  0.000000000000000e+00  
       16  3.028677309622816e-01  
       17  0.000000000000000e+00  
       18 -3.320196501045099e-01  
       19  0.000000000000000e+00  
       20  2.806163254670277e-01  
       21  0.000000000000000e+00  
       22 -1.710544662758098e-01  
       23  0.000000000000000e+00  
       24  3.538309908764185e-02  
       25  0.000000000000000e+00  
       26  9.252977467196530e-02  
       27  0.000000000000000e+00  
       28 -1.844533205181109e-01  
       29  0.000000000000000e+00  
       30  2.233238362997632e-01  
       31  0.000000000000000e+00  
       32 -2.058323602156930e-01  
       33  0.000000000000000e+00  
       34  1.417687125699217e-01  
       35  0.000000000000000e+00  
       36 -5.054823633687096e-02  
       37  0.000000000000000e+00  
       38 -4.407273784326070e-02  
       39  0.000000000000000e+00  
       40  1.197711224838346e-01  
       41  0.000000000000000e+00  
       42 -1.605982865158114e-01  
       43  0.000000000000000e+00  
       44  1.600562285961142e-01  
       45  0.000000000000000e+00  
       46 -1.217737422462860e-01  
       47  0.000000000000000e+00  
       48  5.782587163859632e-02  
       49  0.000000000000000e+00  
       50  1.473497192093663e-02  
       51  0.000000000000000e+00  
       52 -7.820918070538312e-02  
       53  0.000000000000000e+00  
       54  1.183902923089284e-01  
       55  0.000000000000000e+00  
       56 -1.275860262969675e-01  
       57  0.000000000000000e+00  
       58  1.059131882871208e-01  
       59  0.000000000000000e+00  
       60 -6.069652402003618e-02  
       61  0.000000000000000e+00  
       62  4.246222409531945e-03  
       63  0.000000000000000e+00  
       64  4.936003025361778e-02  
       65  0.000000000000000e+00  
       66 -8.768003703143538e-02  
       67  0.000000000000000e+00  
       68  1.026976381856487e-01  
       69  0.000000000000000e+00  
       70 -9.239769017932382e-02  
       71  0.000000000000000e+00  
       72  6.084196099862212e-02  
       73  0.000000000000000e+00  
       74 -1.682626337034025e-02  
       75  0.000000000000000e+00  
       76 -2.847878481798403e-02  
       77  0.000000000000000e+00  
       78  6.429177992325855e-02  
       79  0.000000000000000e+00  
       80 -8.272233930561733e-02  
       81  0.000000000000000e+00  
       82  8.044539318578263e-02  
       83  0.000000000000000e+00  
       84 -5.920857478659575e-02  
       85  0.000000000000000e+00  
       86  2.512409020617734e-02  
       87  0.000000000000000e+00  
       88  1.301868929277713e-02  
       89  0.000000000000000e+00  
       90 -4.597001456725922e-02  
       91  0.000000000000000e+00  
       92  6.621877164959633e-02  
       93  0.000000000000000e+00  
       94 -6.966157166967819e-02  
       95  0.000000000000000e+00  
       96  5.638155766983010e-02  
       97  0.000000000000000e+00  
       98 -3.040360642163599e-02  
       99  0.000000000000000e+00  
      100 -1.461737781941667e-03  
      101  0.000000000000000e+00  
      102  3.136686362018438e-02  
      103  0.000000000000000e+00  
      104 -5.232810224785999e-02  
      105  0.000000000000000e+00  
      106  5.982633289162394e-02  
      107  0.000000000000000e+00  
      108 -5.274771755075514e-02  
      109  0.000000000000000e+00  
      110  3.347740142033609e-02  
      111  0.000000000000000e+00  
      112 -7.166279472180508e-03  
      113  0.000000000000000e+00  
      114 -1.961675516240494e-02  
      115  0.000000000000000e+00  
      116  4.050128751180087e-02  
      117  0.000000000000000e+00  
      118 -5.080852622775587e-02  
      119  0.000000000000000e+00  
      120  4.857651965381624e-02  
      121  0.000000000000000e+00  
      122 -3.489854152985516e-02  
      123  0.000000000000000e+00  
      124  1.352674516583343e-02  
      125  0.000000000000000e+00  
      126  1.013246424574575e-02  
      127  0.000000000000000e+00  
      128 -3.036800493610587e-02  
      129  0.000000000000000e+00  
      130  4.252614658468074e-02  
      131  0.000000000000000e+00  
      132 -4.406419936441178e-02  
      133  0.000000000000000e+00  
      134  3.506136164203269e-02  
      135  0.000000000000000e+00  
      136 -1.808970889125266e-02  
      137  0.000000000000000e+00  
      138 -2.497338705697424e-03  
      139  0.000000000000000e+00  
      140  2.166731375409031e-02  
      141  0.000000000000000e+00  
      142 -3.492613665994336e-02  
      143  0.000000000000000e+00  
      144  3.935927768537045e-02  
      145  0.000000000000000e+00  
      146 -3.425845912972313e-02  
      147  0.000000000000000e+00  
      148  2.120269490541208e-02  
      149  0.000000000000000e+00  
      150 -3.596004011511324e-03  
      151  0.000000000000000e+00  
      152 -1.420811341413680e-02  
      153  0.000000000000000e+00  
      154  2.797310928348991e-02  
      155  0.000000000000000e+00  
      156 -3.457794121640051e-02  
      157  0.000000000000000e+00  
      158  3.271470834848505e-02  
      159  0.000000000000000e+00  
      160 -2.313190943128877e-02  
      161  0.000000000000000e+00  
      162  8.382585872176313e-03  
      163  0.000000000000000e+00  
      164  7.845211863694605e-03  
      165  0.000000000000000e+00  
      166 -2.164252692125951e-02  
      167  0.000000000000000e+00  
      168  2.981356978122314e-02  
      169  0.000000000000000e+00  
      170 -3.060838541510198e-02  
      171  0.000000000000000e+00  
      172  2.408798515632101e-02  
      173  0.000000000000000e+00  
      174 -1.204828595642484e-02  
      175  0.000000000000000e+00  
      176 -2.464144944809200e-03  
      177  0.000000000000000e+00  
      178  1.591628721741634e-02  
      179  0.000000000000000e+00  
      180 -2.514274030439793e-02  
      181  0.000000000000000e+00  
      182  2.808467436181982e-02  
      183  0.000000000000000e+00  
      184 -2.424258212850702e-02  
      185  0.000000000000000e+00  
      186  1.474493873619056e-02  
      187  0.000000000000000e+00  
      188 -2.028806518401240e-03  
      189  0.000000000000000e+00  
      190 -1.077971002333372e-02  
      191  0.000000000000000e+00  
      192  2.062904613516515e-02  
      193  0.000000000000000e+00  
      194 -2.526448171268391e-02  
      195  0.000000000000000e+00  
      196  2.373933978798407e-02  
      197  0.000000000000000e+00  
      198 -1.660039124492786e-02  
      199  0.000000000000000e+00  
      200  0.000000000000000e+00  
        2 -3.568800314589056e-01  4.976215461029499e-01 
        0  0.000000000000000e+00  
        1  0.000000000000000e+00  
        2  3.641048139655139e-02  
        3  8.931304079625486e-02  
        4  1.384423450964101e-01  
        5  1.679179156578298e-01  
        6  1.689681035282868e-01  
        7  1.405952713300620e-01  
        8  8.853653932341056e-02  
        9  2.310056788995815e-02  
       10 -4.347994969502533e-02  
       11 -9.960866873346320e-02  
       12 -1.363734449646951e-01  
       13 -1.488330127361878e-01  
       14 -1.364647335577633e-01  
       15 -1.028371618472934e-01  
       16 -5.467195374180743e-02  
       17 -5.176121754680666e-04  
       18  5.072355306341951e-02  
       19  9.118743648105850e-02  
       20  1.151697155035017e-01  
       21  1.198432048192043e-01  
       22  1.055025671411609e-01  
       23  7.533580294971552e-02  
       24  3.478512184996277e-02  
       25 -9.388379449709341e-03  
       26 -5.018703516435082e-02  
       27 -8.144295419679995e-02  
       28 -9.871415063350926e-02  
       29 -9.988607216066153e-02  
       30 -8.540080859896639e-02  
       31 -5.809301090506476e-02  
       32 -2.267010145183415e-02  
       33  1.507387740066752e-02  
       34  4.918402925791635e-02  
       35  7.446559553348388e-02  
       36  8.726025965670396e-02  
       37  8.596340243217417e-02  
       38  7.121032136568094e-02  
       39  4.571184230774047e-02  
       40  1.377398832881391e-02  
       41 -1.941593434190678e-02  
       42 -4.862052352489903e-02  
       43 -6.936917173711965e-02  
       44 -7.863448062212207e-02  
       45 -7.526678621616902e-02  
       46 -6.012527884302471e-02  
       47 -3.589272550959894e-02  
       48 -6.610248928272954e-03  
       49  2.298870254388478e-02  
       50  4.823662459564498e-02  
       51  6.526199522012212e-02  
       52  7.157771904651362e-02  
       53  6.643922588261460e-02  
       54  5.092138550121334e-02  
       55  2.770843460973155e-02  
       56  6.360990956370772e-04  
       57 -2.593698061978858e-02  
       58 -4.782632603301244e-02  
       59 -6.167641265030298e-02  
       60 -6.547130917029707e-02  
       61 -5.882398026321405e-02  
       62 -4.300335066246233e-02  
       63 -2.070020122505053e-02  
       64  4.426050500997513e-03  
       65  2.834404388611949e-02  
       66  4.729393103933209e-02  
       67  5.837539945605991e-02  
       68  5.998873958969327e-02  
       69  5.206229149406087e-02  
       70  3.603447961179628e-02  
       71  1.459787701661489e-02  
       72 -8.749915086948756e-03  
       73 -3.027416826205123e-02  
       74 -4.659793292128865e-02  
       75 -5.522956867506411e-02  
       76 -5.494082928885512e-02  
       77 -4.593846303885864e-02  
       78 -2.980587666157764e-02  
       79 -9.228116375890232e-03  
       80  1.245259614307375e-02  
       81  3.177758406999685e-02  
       82  4.572154431408033e-02  
       83  5.216437299078230e-02  
       84  5.021166880137032e-02  
       85  4.031574316080817e-02  
       86  2.418131148795585e-02  
       87  4.474358185741994e-03  
       88 -1.561649503068399e-02  
       89 -3.289424893100210e-02  
       90 -4.466073605557674e-02  
       91 -4.913654305996683e-02  
       92 -4.572850962909079e-02  
       93 -3.510483888807960e-02  
       94 -1.906895829525705e-02  
       95 -2.552930719698431e-04  
       96  1.830202626161917e-02  
       97  3.365715145241820e-02  
       98  4.341892384798018e-02  
       99  4.612204513182655e-02  
      100  4.144557759985615e-02  
      101  3.024642243952215e-02  
      102  1.440526022295771e-02  
      103 -3.487771991220966e-03  
      104 -2.055536947807053e-02  
      105 -3.409465849295787e-02  
      106 -4.200422202868335e-02  
      107 -4.310924260988745e-02  
      108 -3.733461083771141e-02  
      109 -2.570071881729587e-02  
      110 -1.014518295796375e-02  
      111  6.798658060222266e-03  
      112  2.241331488443133e-02  
      113  3.423208243450053e-02  
      114  4.042786773585024e-02  
      115  4.009475040296038e-02  
      116  3.337902589950930e-02  
      117  2.144101399070057e-02  
      118  6.256080255237853e-03  
      119 -9.711235130720757e-03  
      120 -2.390637964229612e-02  
      121 -3.409272473077784e-02  
      122 -3.870325124420034e-02  
      123 -3.708079760748085e-02  
      124 -2.957016562513041e-02  
      125 -1.744944755478784e-02  
      126 -2.713692082735988e-03  
      127  1.225265233594278e-02  
      128  2.506086744251227e-02  
      129  3.369857475985943e-02  
      130  3.684528054053014e-02  
      131  3.407347654068654e-02  
      132  2.590479395316128e-02  
      133  1.371419155712995e-02  
      134 -5.005481934407246e-04  
      135 -1.444551718978802e-02  
      136 -2.590025892641671e-02  
      137 -3.307077650048232e-02  
      138 -3.486993697706390e-02  
      139 -3.108153295825899e-02  
      140 -2.238336632070251e-02  
      141 -1.022750213487985e-02  
      142  3.401373333695015e-03  
      143  1.630939785638530e-02  
      144  2.644616365081854e-02  
      145  3.222993466453800e-02  
      146  3.279394360544318e-02  
      147  2.811549853374186e-02  
      148  1.900879946690330e-02  
      149  6.984339712134326e-03  
      150 -6.000993407337262e-03  
      151 -1.786187509015796e-02  
      152 -2.671897589245462e-02  
      153 -3.119630735375022e-02  
      154 -3.063450211360063e-02  
      155 -2.518704711320941e-02  
      156 -1.578557329700444e-02  
      157 -3.981371268909980e-03  
      158  8.310035117698615e-03  
      159  1.911928585196070e-02  
      160  2.673832500446979e-02  
      161  2.998991707564241e-02  
      162  2.840907304832823e-02  
      163  2.230850205535859e-02  
      164  1.271906031070401e-02  
      165  1.216236882175514e-03  
      166 -1.033822189864570e-02  
      167 -2.009725026152324e-02  
      168 -2.652337988365445e-02  
      169 -2.863060222221837e-02  
      170 -2.613518457100874e-02  
      171 -1.949244890662255e-02  
      172 -9.815015588389750e-03  
      173  1.312995888754790e-03  
      174  1.209486861330671e-02  
      175  2.081104266369795e-02  
      176  2.609304772632247e-02  
      177  2.713802475269892e-02  
      178  2.383026111413064e-02  
      179  1.675142398172101e-02  
      180  7.079183347195476e-03  
      181 -3.608240568673716e-03  
      182 -1.358924045484100e-02  
      183 -2.127584812782150e-02  
      184 -2.546609488031694e-02  
      185 -2.553164557770145e-02  
      186 -2.151146693874803e-02  
      187 -1.409765956460766e-02  
      188 -4.516990571836701e-03  
      189  5.671697805383501e-03  
      190  1.483081014634113e-02  
      191  2.150693314684462e-02  
      192  2.466120952197416e-02  
      193  2.383067625563214e-02  
      194  1.919556178977340e-02  
      195  1.154287288967139e-02  
      196  2.133307551203742e-03  
      197 -7.506082841982301e-03  
      198 -1.582943740512141e-02  
      199 -2.151975103267815e-02  
      200  0.000000000000000e+00  
        3  4.568800314589053e-01  4.976215461029499e-01 
        0  0.000000000000000e+00  
        1  0.000000000000000e+00  
        2  3.641048139655139e-02  
        3 -8.931304079625486e-02  
        4  1.384423450964101e-01  
        5 -1.679179156578298e-01  
        6  1.689681035282868e-01  
        7 -1.405952713300620e-01  
        8  8.853653932341056e-02  
        9 -2.310056788995815e-02  
       10 -4.347994969502533e-02  
       11  9.960866873346320e-02  
       12 -1.363734449646951e-01  
       13  1.488330127361878e-01  
       14 -1.364647335577633e-01  
       15  1.028371618472934e-01  
       16 -5.467195374180743e-02  
       17  5.176121754680666e-04  
       18  5.072355306341951e-02  
       19 -9.118743648105850e-02  
       20  1.151697155035017e-01  
       21 -1.198432048192043e-01  
       22  1.055025671411609e-01  
       23 -7.533580294971552e-02  
       24  3.478512184996277e-02  
       25  9.388379449709341e-03  
       26 -5.018703516435082e-02  
       27  8.144295419679995e-02  
       28 -9.871415063350926e-02  
       29  9.988607216066153e-02  
       30 -8.540080859896639e-02  
       31  5.809301090506476e-02  
       32 -2.267010145183415e-02  
       33 -1.507387740066752e-02  
       34  4.918402925791635e-02  
       35 -7.446559553348388e-02  
       36  8.726025965670396e-02  
       37 -8.596340243217417e-02  
       38  7.121032136568094e-02  
       39 -4.571184230774047e-02  
       40  1.377398832881391e-02  
       41  1.941593434190678e-02  
       42 -4.862052352489903e-02  
       43  6.936917173711965e-02  
       44 -7.863448062212207e-02  
       45  7.526678621616902e-02  
       46 -6.012527884302471e-02  
       47  3.589272550959894e-02  
       48 -6.610248928272954e-03  
       49 -2.298870254388478e-02  
       50  4.823662459564498e-02  
       51 -6.526199522012212e-02  
       52  7.157771904651362e-02  
       53 -6.643922588261460e-02  
       54  5.092138550121334e-02  
       55 -2.770843460973155e-02  
       56  6.360990956370772e-04  
       57  2.593698061978858e-02  
       58 -4.782632603301244e-02  
       59  6.167641265030298e-02  
       60 -6.547130917029707e-02  
       61  5.882398026321405e-02  
       62 -4.300335066246233e-02  
       63  2.070020122505053e-02  
       64  4.426050500997513e-03  
       65 -2.834404388611949e-02  
       66  4.729393103933209e-02  
       67 -5.837539945605991e-02  
       68  5.998873958969327e-02  
       69 -5.206229149406087e-02  
       70  3.603447961179628e-02  
       71 -1.459787701661489e-02  
       72 -8.749915086948756e-03  
       73  3.027416826205123e-02  
       74 -4.659793292128865e-02  
       75  5.522956867506411e-02  
       76 -5.494082928885512e-02  
       77  4.593846303885864e-02  
       78 -2.980587666157764e-02  
       79  9.228116375890232e-03  
       80  1.245259614307375e-02  
       81 -3.177758406999685e-02  
       82  4.572154431408033e-02  
       83 -5.216437299078230e-02  
       84  5.021166880137032e-02  
       85 -4.031574316080817e-02  
       86  2.418131148795585e-02  
       87 -4.474358185741994e-03  
       88 -1.561649503068399e-02  
       89  3.289424893100210e-02  
       90 -4.466073605557674e-02  
       91  4.913654305996683e-02  
       92 -4.572850962909079e-02  
       93  3.510483888807960e-02  
       94 -1.906895829525705e-02  
       95  2.552930719698431e-04  
       96  1.830202626161917e-02  
       97 -3.365715145241820e-02  
       98  4.341892384798018e-02  
       99 -4.612204513182655e-02  
      100  4.144557759985615e-02  
      101 -3.024642243952215e-02  
      102  1.440526022295771e-02  
      103  3.487771991220966e-03  
      104 -2.055536947807053e-02  
      105  3.409465849295787e-02  
      106 -4.200422202868335e-02  
      107  4.310924260988745e-02  
      108 -3.733461083771141e-02  
      109  2.570071881729587e-02  
      110 -1.014518295796375e-02  
      111 -6.798658060222266e-03  
      112  2.241331488443133e-02  
      113 -3.423208243450053e-02  
      114  4.042786773585024e-02  
      115 -4.009475040296038e-02  
      116  3.337902589950930e-02  
      117 -2.144101399070057e-02  
      118  6.256080255237853e-03  
      119  9.711235130720757e-03  
      120 -2.390637964229612e-02  
      121  3.409272473077784e-02  
      122 -3.870325124420034e-02  
      123  3.708079760748085e-02  
      124 -2.957016562513041e-02  
      125  1.744944755478784e-02  
      126 -2.713692082735988e-03  
      127 -1.225265233594278e-02  
      128  2.506086744251227e-02  
      129 -3.369857475985943e-02  
      130  3.684528054053014e-02  
      131 -3.407347654068654e-02  
      132  2.590479395316128e-02  
      133 -1.371419155712995e-02  
      134 -5.005481934407246e-04  
      135  1.444551718978802e-02  
      136 -2.590025892641671e-02  
      137  3.307077650048232e-02  
      138 -3.486993697706390e-02  
      139  3.108153295825899e-02  
      140 -2.238336632070251e-02  
      141  1.022750213487985e-02  
      142  3.401373333695015e-03  
      143 -1.630939785638530e-02  
      144  2.644616365081854e-02  
      145 -3.222993466453800e-02  
      146  3.279394360544318e-02  
      147 -2.811549853374186e-02  
      148  1.900879946690330e-02  
      149 -6.984339712134326e-03  
      150 -6.000993407337262e-03  
      151  1.786187509015796e-02  
      152 -2.671897589245462e-02  
      153  3.119630735375022e-02  
      154 -3.063450211360063e-02  
      155  2.518704711320941e-02  
      156 -1.578557329700444e-02  
      157  3.981371268909980e-03  
      158  8.310035117698615e-03  
      159 -1.911928585196070e-02  
      160  2.673832500446979e-02  
      161 -2.998991707564241e-02  
      162  2.840907304832823e-02  
      163 -2.230850205535859e-02  
      164  1.271906031070401e-02  
      165 -1.216236882175514e-03  
      166 -1.033822189864570e-02  
      167  2.009725026152324e-02  
      168 -2.652337988365445e-02  
      169  2.863060222221837e-02  
      170 -2.613518457100874e-02  
      171  1.949244890662255e-02  
      172 -9.815015588389750e-03  
      173 -1.312995888754790e-03  
      174  1.209486861330671e-02  
      175 -2.081104266369795e-02  
      176  2.609304772632247e-02  
      177 -2.713802475269892e-02  
      178  2.383026111413064e-02  
      179 -1.675142398172101e-02  
      180  7.079183347195476e-03  
      181  3.608240568673716e-03  
      182 -1.358924045484100e-02  
      183  2.127584812782150e-02  
      184 -2.546609488031694e-02  
      185  2.553164557770145e-02  
      186 -2.151146693874803e-02  
      187  1.409765956460766e-02  
      188 -4.516990571836701e-03  
      189 -5.671697805383501e-03  
      190  1.483081014634113e-02  
      191 -2.150693314684462e-02  
      192  2.466120952197416e-02  
      193 -2.383067625563214e-02  
      194  1.919556178977340e-02  
      195 -1.154287288967139e-02  
      196  2.133307551203742e-03  
      197  7.506082841982301e-03  
      198 -1.582943740512141e-02  
      199  2.151975103267815e-02  
      200  0.000000000000000e+00  
        1  1.750000000000003e-01  4.195410468595416e-01 
        0  0.000000000000000e+00  
        1  0.000000000000000e+00  
        2 -9.108164630830623e-02  
        3  0.000000000000000e+00  
        4  8.097917251465767e-02  
        5  0.000000000000000e+00  
        6 -2.640489382978361e-02  
        7  0.000000000000000e+00  
        8 -3.103097358205381e-02  
        9  0.000000000000000e+00  
       10  5.768791771620519e-02  
       11  0.000000000000000e+00  
       12 -4.306249660646611e-02  
       13  0.000000000000000e+00  
       14  2.618146468439008e-03  
       15  0.000000000000000e+00  
       16  3.451075059808569e-02  
       17  0.000000000000000e+00  
       18 -4.480744863727602e-02  
       19  0.000000000000000e+00  
       20  2.441620985093182e-02  
       21  0.000000000000000e+00  
       22  1.034249524335699e-02  
       23  0.000000000000000e+00  
       24 -3.527021590975184e-02  
       25  0.000000000000000e+00  
       26  3.463521331605687e-02  
       27  0.000000000000000e+00  
       28 -1.078982511146029e-02  
       29  0.000000000000000e+00  
       30 -1.869408381093278e-02  
       31  0.000000000000000e+00  
       32  3.368013715725705e-02  
       33  0.000000000000000e+00  
       34 -2.500039499925157e-02  
       35  0.000000000000000e+00  
       36 -1.038479945893066e-04  
       37  0.000000000000000e+00  
       38  2.377074323636640e-02  
       39  0.000000000000000e+00  
       40 -3.007515649075837e-02  
       41  0.000000000000000e+00  
       42  1.562897306913696e-02  
       43  0.000000000000000e+00  
       44  8.764376660819299e-03  
       45  0.000000000000000e+00  
       46 -2.607921509870603e-02  
       47  0.000000000000000e+00  
       48  2.486111233444994e-02  
       49  0.000000000000000e+00  
       50 -6.734710506623356e-03  
       51  0.000000000000000e+00  
       52 -1.525365850620548e-02  
       53  0.000000000000000e+00  
       54  2.595906681256389e-02  
       55  0.000000000000000e+00  
       56 -1.851210869276780e-02  
       57  0.000000000000000e+00  
       58 -1.325064745559991e-03  
       59  0.000000000000000e+00  
       60  1.954991648471475e-02  
       61  0.000000000000000e+00  
       62 -2.375773925755269e-02  
       63  0.000000000000000e+00  
       64  1.154647693222882e-02  
       65  0.000000000000000e+00  
       66  8.182024117508869e-03  
       67  0.000000000000000e+00  
       68 -2.167390973031442e-02  
       69  0.000000000000000e+00  
       70  1.987906261501378e-02  
       71  0.000000000000000e+00  
       72 -4.494016371979030e-03  
       73  0.000000000000000e+00  
       74 -1.352516323939072e-02  
       75  0.000000000000000e+00  
       76  2.173820961210083e-02  
       77  0.000000000000000e+00  
       78 -1.478524957053078e-02  
       79  0.000000000000000e+00  
       80 -2.139657711127942e-03  
       81  0.000000000000000e+00  
       82  1.714080568414713e-02  
       83  0.000000000000000e+00  
       84 -1.996120137823231e-02  
       85  0.000000000000000e+00  
       86  8.977759617914187e-03  
       87  0.000000000000000e+00  
       88  7.907492932614319e-03  
       89  0.000000000000000e+00  
       90 -1.893481499584453e-02  
       91  0.000000000000000e+00  
       92  1.666072268473381e-02  
       93  0.000000000000000e+00  
       94 -2.968016783351261e-03  
       95  0.000000000000000e+00  
       96 -1.245079698337105e-02  
       97  0.000000000000000e+00  
       98  1.894067157433691e-02  
       99  0.000000000000000e+00  
      100 -1.223443583707570e-02  
      101  0.000000000000000e+00  
      102 -2.755687775480390e-03  
      103  0.000000000000000e+00  
      104  1.552188045495313e-02  
      105  0.000000000000000e+00  
      106 -1.731526827263820e-02  
      107  0.000000000000000e+00  
      108  7.131553372795238e-03  
      109  0.000000000000000e+00  
      110  7.760637158955605e-03  
      111  0.000000000000000e+00  
      112 -1.699774927536241e-02  
      113  0.000000000000000e+00  
      114  1.432408015359130e-02  
      115  0.000000000000000e+00  
      116 -1.819716559192438e-03  
      117  0.000000000000000e+00  
      118 -1.169803327561015e-02  
      119  0.000000000000000e+00  
      120  1.688388697786722e-02  
      121  0.000000000000000e+00  
      122 -1.031767640389609e-02  
      123  0.000000000000000e+00  
      124 -3.249515568758536e-03  
      125  0.000000000000000e+00  
      126  1.432462644135201e-02  
      127  0.000000000000000e+00  
      128 -1.530802887598109e-02  
      129  0.000000000000000e+00  
      130  5.701952852080906e-03  
      131  0.000000000000000e+00  
      132  7.673395991476062e-03  
      133  0.000000000000000e+00  
      134 -1.551582442702900e-02  
      135  0.000000000000000e+00  
      136  1.250466311662461e-02  
      137  0.000000000000000e+00  
      138 -9.047897577498395e-04  
      139  0.000000000000000e+00  
      140 -1.112615469239994e-02  
      141  0.000000000000000e+00  
      142  1.526931931436002e-02  
      143  0.000000000000000e+00  
      144 -8.791738000253582e-03  
      145  0.000000000000000e+00  
      146 -3.658005391180673e-03  
      147  0.000000000000000e+00  
      148  1.338034570097451e-02  
      149  0.000000000000000e+00  
      150 -1.369912436919902e-02  
      151  0.000000000000000e+00  
      152  4.541655858234327e-03  
      153  0.000000000000000e+00  
      154  7.614663595267179e-03  
      155  0.000000000000000e+00  
      156 -1.431978628014906e-02  
      157  0.000000000000000e+00  
      158  1.102072955741395e-02  
      159  0.000000000000000e+00  
      160 -1.490471195045030e-04  
      161  0.000000000000000e+00  
      162 -1.066478828865784e-02  
      163  0.000000000000000e+00  
      164  1.394325460793243e-02  
      165  0.000000000000000e+00  
      166 -7.528808538316625e-03  
      167  0.000000000000000e+00  
      168 -4.001984660714429e-03  
      169  0.000000000000000e+00  
      170  1.259997653612115e-02  
      171  0.000000000000000e+00  
      172 -1.235890634455604e-02  
      173  0.000000000000000e+00  
      174  3.569490445326528e-03  
      175  0.000000000000000e+00  
      176  7.568485764142727e-03  
      177  0.000000000000000e+00  
      178 -1.331626026920116e-02  
      179  0.000000000000000e+00  
      180  9.770140826230567e-03  
      181  0.000000000000000e+00  
      182  4.903947969614624e-04  
      183  0.000000000000000e+00  
      184 -1.027473071367368e-02  
      185  0.000000000000000e+00  
      186  1.281761624746336e-02  
      187  0.000000000000000e+00  
      188 -6.454333886201993e-03  
      189  0.000000000000000e+00  
      190 -4.294504964840003e-03  
      191  0.000000000000000e+00  
      192  1.193178487911387e-02  
      193  0.000000000000000e+00  
      194 -1.121055090493591e-02  
      195  0.000000000000000e+00  
      196  2.736403199552863e-03  
      197  0.000000000000000e+00  
      198  7.526051919972291e-03  
      199  0.000000000000000e+00  
      200  0.000000000000000e+00  
        2 -6.640820937190829e-01  1.083398441387876e+00 
        0  0.000000000000000e+00  
        1  0.000000000000000e+00  
        2 -5.289195565713540e-03  
        3 -1.228929944836342e-02  
        4 -1.833071052448665e-02  
        5 -2.184107289629100e-02  
        6 -2.223556971648999e-02  
        7 -1.967279335040614e-02  
        8 -1.478702551713627e-02  
        9 -8.455375401976226e-03  
       10 -1.619514968605897e-03  
       11  4.840350608071445e-03  
       12  1.019006953308222e-02  
       13  1.389537051212488e-02  
       14  1.565186061262918e-02  
       15  1.539419653934622e-02  
       16  1.328513088764409e-02  
       17  9.684888822118650e-03  
       18  5.102700035988222e-03  
       19  1.344759837876258e-04  
       20 -4.607254609002655e-03  
       21 -8.563602272468107e-03  
       22 -1.129183189870298e-02  
       23 -1.251296421165964e-02  
       24 -1.213906607657136e-02  
       25 -1.027733436097340e-02  
       26 -7.210937647350507e-03  
       27 -3.359404860183115e-03  
       28  7.762228797655404e-04  
       29  4.676524295676185e-03  
       30  7.867310349166306e-03  
       31  9.976029468995989e-03  
       32  1.077432307906238e-02  
       33  1.020191509601736e-02  
       34  8.369388902457784e-03  
       35  5.540021209790125e-03  
       36  2.093383025296595e-03  
       37 -1.524422495295879e-03  
       38 -4.857491805861259e-03  
       39 -7.496714163423130e-03  
       40 -9.129284534259628e-03  
       41 -9.575205759263362e-03  
       42 -8.806566954223778e-03  
       43 -6.947586126366695e-03  
       44 -4.255811502331501e-03  
       45 -1.087189377056104e-03  
       46  2.150356037587910e-03  
       47  5.048855043688258e-03  
       48  7.251192047092340e-03  
       49  8.494675982770492e-03  
       50  8.642007911382888e-03  
       51  7.696029581502840e-03  
       52  5.796713760028353e-03  
       53  3.201089927035048e-03  
       54  2.489085152163868e-04  
       55 -2.681426272759653e-03  
       56 -5.220989132941472e-03  
       57 -7.056452795333572e-03  
       58 -7.968464598096915e-03  
       59 -7.857609474729346e-03  
       60 -6.754912108299259e-03  
       61 -4.815810029536852e-03  
       62 -2.298611953113612e-03  
       63  4.696194423724707e-04  
       64  3.135291624733823e-03  
       65  5.363195820922414e-03  
       66  6.878435104467702e-03  
       67  7.500147998089120e-03  
       68  7.162911629178134e-03  
       69  5.923311696915940e-03  
       70  3.951062651953196e-03  
       71  1.506009306258898e-03  
       72 -1.095904040252090e-03  
       73 -3.523266323583025e-03  
       74 -5.471232708877854e-03  
       75 -6.699648322293195e-03  
       76 -7.062513464327269e-03  
       77 -6.525190939571153e-03  
       78 -5.167344051928266e-03  
       79 -3.171415013716450e-03  
       80 -7.982764091838575e-04  
       81  1.646716156358147e-03  
       82  3.852871882835270e-03  
       83  5.543511998690799e-03  
       84  6.510549291651965e-03  
       85  6.639992018908664e-03  
       86  5.925258568438486e-03  
       87  4.466762336424570e-03  
       88  2.457975883663862e-03  
       89  1.598872300852306e-04  
       90 -2.132795011358755e-03  
       91 -4.129326214108497e-03  
       92 -5.579694886064072e-03  
       93 -6.305838595467038e-03  
       94 -6.223419780954469e-03  
       95 -5.351508224239318e-03  
       96 -3.809072810887882e-03  
       97 -1.798863625437575e-03  
       98  4.191466416952618e-04  
       99  2.561295093910441e-03  
      100  4.356421062459813e-03  
      101  5.580111431707130e-03  
      102  6.082683517555669e-03  
      103  5.807424625750246e-03  
      104  4.796873914204399e-03  
      105  3.186466571645712e-03  
      106  1.186466159812215e-03  
      107 -9.454154015448854e-04  
      108 -2.937154374502341e-03  
      109 -4.537056658440554e-03  
      110 -5.545501144581838e-03  
      111 -5.839789147764307e-03  
      112 -5.389013377609058e-03  
      113 -4.257151786592313e-03  
      114 -2.594099266267296e-03  
      115 -6.158808833630584e-04  
      116  1.423349776372723e-03  
      117  3.263905215929393e-03  
      118  4.673578778017657e-03  
      119  5.476889150074768e-03  
      120  5.576877681018083e-03  
      121  4.966756588683850e-03  
      122  3.730015421723506e-03  
      123  2.029068100154530e-03  
      124  8.397529785070445e-05  
      125 -1.855976980744543e-03  
      126 -3.544178263902694e-03  
      127 -4.767997674109927e-03  
      128 -5.375523167051439e-03  
      129 -5.294378438013254e-03  
      130 -4.540291478807108e-03  
      131 -3.214407222509602e-03  
      132 -1.489772770512792e-03  
      133  4.112056162115227e-04  
      134  2.245402566299634e-03  
      135  3.780027902344799e-03  
      136  4.822133715773390e-03  
      137  5.242838748864351e-03  
      138  4.993232965167923e-03  
      139  4.110003806860469e-03  
      140  2.710144922842680e-03  
      141  9.754989855630321e-04  
      142 -8.708283839306747e-04  
      143 -2.593128942585188e-03  
      144 -3.973149155439669e-03  
      145 -4.837715911995136e-03  
      146 -5.080437789917395e-03  
      147 -4.674765942694797e-03  
      148 -3.676815073448525e-03  
      149 -2.217656765047744e-03  
      150 -4.861368006663689e-04  
      151  1.295535198195913e-03  
      152  2.900272441197209e-03  
      153  4.125025859935426e-03  
      154  4.816449122955434e-03  
      155  4.890073086465806e-03  
      156  4.340595194138004e-03  
      157  3.242034190366097e-03  
      158  1.737796663008560e-03  
      159  2.198377452034492e-05  
      160 -1.685628655671146e-03  
      161 -3.167714999867642e-03  
      162 -4.237033743132281e-03  
      163 -4.760059803901383e-03  
      164 -4.673635386392257e-03  
      165 -3.992565696477306e-03  
      166 -2.807249972806145e-03  
      167 -1.271710811706262e-03  
      168  4.163966718207181e-04  
      169  2.041204228319808e-03  
      170  3.396212295207573e-03  
      171  4.310512939482857e-03  
      172  4.670326598338119e-03  
      173  4.433141146578849e-03  
      174  3.632698746940104e-03  
      175  2.374250288435988e-03  
      176  8.207384298818439e-04  
      177 -8.282798374537755e-04  
      178 -2.362247266599217e-03  
      179 -3.586471965013709e-03  
      180 -4.346819166104451e-03  
      181 -4.549099947482916e-03  
      182 -4.170720121451889e-03  
      183 -3.263150955484266e-03  
      184 -1.944959121673483e-03  
      185 -3.863358193880633e-04  
      186  1.212858709928477e-03  
      187  2.648705224545298e-03  
      188  3.739210691452926e-03  
      189  4.347359574620598e-03  
      190  4.398313539050361e-03  
      191  3.888602379182907e-03  
      192  2.886179774729076e-03  
      193  1.521386022648878e-03  
      194 -2.998318968614177e-05  
      195 -1.569304723854064e-03  
      196 -2.900542086947450e-03  
      197 -3.855195932234704e-03  
      198 -4.313617310195603e-03  
      199 -4.219989558653076e-03  
      200  0.000000000000000e+00  
        3  1.014082093719083e+00  1.083398441387876e+00 
        0  0.000000000000000e+00  
        1  0.000000000000000e+00  
        2 -5.289195565713544e-03  
        3  1.228929944836342e-02  
        4 -1.833071052448666e-02  
        5  2.184107289629100e-02  
        6 -2.223556971649000e-02  
        7  1.967279335040614e-02  
        8 -1.478702551713627e-02  
        9  8.455375401976228e-03  
       10 -1.619514968605896e-03  
       11 -4.840350608071446e-03  
       12  1.019006953308222e-02  
       13 -1.389537051212488e-02  
       14  1.565186061262918e-02  
       15 -1.539419653934622e-02  
       16  1.328513088764409e-02  
       17 -9.684888822118650e-03  
       18  5.102700035988222e-03  
       19 -1.344759837876258e-04  
       20 -4.607254609002655e-03  
       21  8.563602272468107e-03  
       22 -1.129183189870298e-02  
       23  1.251296421165964e-02  
       24 -1.213906607657136e-02  
       25  1.027733436097340e-02  
       26 -7.210937647350507e-03  
       27  3.359404860183115e-03  
       28  7.762228797655404e-04  
       29 -4.676524295676185e-03  
       30  7.867310349166306e-03  
       31 -9.976029468995989e-03  
       32  1.077432307906238e-02  
       33 -1.020191509601736e-02  
       34  8.369388902457784e-03  
       35 -5.540021209790125e-03  
       36  2.093383025296595e-03  
       37  1.524422495295879e-03  
       38 -4.857491805861259e-03  
       39  7.496714163423130e-03  
       40 -9.129284534259628e-03  
       41  9.575205759263362e-03  
       42 -8.806566954223778e-03  
       43  6.947586126366695e-03  
       44 -4.255811502331501e-03  
       45  1.087189377056104e-03  
       46  2.150356037587910e-03  
       47 -5.048855043688258e-03  
       48  7.251192047092340e-03  
       49 -8.494675982770492e-03  
       50  8.642007911382888e-03  
       51 -7.696029581502840e-03  
       52  5.796713760028353e-03  
       53 -3.201089927035048e-03  
       54  2.489085152163868e-04  
       55  2.681426272759653e-03  
       56 -5.220989132941472e-03  
       57  7.056452795333572e-03  
       58 -7.968464598096915e-03  
       59  7.857609474729346e-03  
       60 -6.754912108299259e-03  
       61  4.815810029536852e-03  
       62 -2.298611953113612e-03  
       63 -4.696194423724707e-04  
       64  3.135291624733823e-03  
       65 -5.363195820922414e-03  
       66  6.878435104467702e-03  
       67 -7.500147998089120e-03  
       68  7.162911629178134e-03  
       69 -5.923311696915940e-03  
       70  3.951062651953196e-03  
       71 -1.506009306258898e-03  
       72 -1.095904040252090e-03  
       73  3.523266323583025e-03  
       74 -5.471232708877854e-03  
       75  6.699648322293195e-03  
       76 -7.062513464327269e-03  
       77  6.525190939571153e-03  
       78 -5.167344051928266e-03  
       79  3.171415013716450e-03  
       80 -7.982764091838575e-04  
       81 -1.646716156358147e-03  
       82  3.852871882835270e-03  
       83 -5.543511998690799e-03  
       84  6.510549291651965e-03  
       85 -6.639992018908664e-03  
       86  5.925258568438486e-03  
       87 -4.466762336424570e-03  
       88  2.457975883663862e-03  
       89 -1.598872300852306e-04  
       90 -2.132795011358755e-03  
       91  4.129326214108497e-03  
       92 -5.579694886064072e-03  
       93  6.305838595467038e-03  
       94 -6.223419780954469e-03  
       95  5.351508224239318e-03  
       96 -3.809072810887882e-03  
       97  1.798863625437575e-03  
       98  4.191466416952618e-04  
       99 -2.561295093910441e-03  
      100  4.356421062459813e-03  
      101 -5.580111431707130e-03  
      102  6.082683517555669e-03  
      103 -5.807424625750246e-03  
      104  4.796873914204399e-03  
      105 -3.186466571645712e-03  
      106  1.186466159812215e-03  
      107  9.454154015448854e-04  
      108 -2.937154374502341e-03  
      109  4.537056658440554e-03  
      110 -5.545501144581838e-03  
      111  5.839789147764307e-03  
      112 -5.389013377609058e-03  
      113  4.257151786592313e-03  
      114 -2.594099266267296e-03  
      115  6.158808833630584e-04  
      116  1.423349776372723e-03  
      117 -3.263905215929393e-03  
      118  4.673578778017657e-03  
      119 -5.476889150074768e-03  
      120  5.576877681018083e-03  
      121 -4.966756588683850e-03  
      122  3.730015421723506e-03  
      123 -2.029068100154530e-03  
      124  8.397529785070445e-05  
      125  1.855976980744543e-03  
      126 -3.544178263902694e-03  
      127  4.767997674109927e-03  
      128 -5.375523167051439e-03  
      129  5.294378438013254e-03  
      130 -4.540291478807108e-03  
      131  3.214407222509602e-03  
      132 -1.489772770512792e-03  
      133 -4.112056162115227e-04  
      134  2.245402566299634e-03  
      135 -3.780027902344799e-03  
      136  4.822133715773390e-03  
      137 -5.242838748864351e-03  
      138  4.993232965167923e-03  
      139 -4.110003806860469e-03  
      140  2.710144922842680e-03  
      141 -9.754989855630321e-04  
      142 -8.708283839306747e-04  
      143  2.593128942585188e-03  
      144 -3.973149155439669e-03  
      145  4.837715911995136e-03  
      146 -5.080437789917395e-03  
      147  4.674765942694797e-03  
      148 -3.676815073448525e-03  
      149  2.217656765047744e-03  
      150 -4.861368006663689e-04  
      151 -1.295535198195913e-03  
      152  2.900272441197209e-03  
      153 -4.125025859935426e-03  
      154  4.816449122955434e-03  
      155 -4.890073086465806e-03  
      156  4.340595194138004e-03  
      157 -3.242034190366097e-03  
      158  1.737796663008560e-03  
      159 -2.198377452034492e-05  
      160 -1.685628655671146e-03  
      161  3.167714999867642e-03  
      162 -4.237033743132281e-03  
      163  4.760059803901383e-03  
      164 -4.673635386392257e-03  
      165  3.992565696477306e-03  
      166 -2.807249972806145e-03  
      167  1.271710811706262e-03  
      168  4.163966718207181e-04  
      169 -2.041204228319808e-03  
      170  3.396212295207573e-03  
      171 -4.310512939482857e-03  
      172  4.670326598338119e-03  
      173 -4.433141146578849e-03  
      174  3.632698746940104e-03  
      175 -2.374250288435988e-03  
      176  8.207384298818439e-04  
      177  8.282798374537755e-04  
      178 -2.362247266599217e-03  
      179  3.586471965013709e-03  
      180 -4.346819166104451e-03  
      181  4.549099947482916e-03  
      182 -4.170720121451889e-03  
      183  3.263150955484266e-03  
      184 -1.944959121673483e-03  
      185  3.863358193880633e-04  
      186  1.212858709928477e-03  
      187 -2.648705224545298e-03  
      188  3.739210691452926e-03  
      189 -4.347359574620598e-03  
      190  4.398313539050361e-03  
      191 -3.888602379182907e-03  
      192  2.886179774729076e-03  
      193 -1.521386022648878e-03  
      194 -2.998318968614177e-05  
      195  1.569304723854064e-03  
      196 -2.900542086947450e-03  
      197  3.855195932234704e-03  
      198 -4.313617310195603e-03  
      199  4.219989558653076e-03  
      200  0.000000000000000e+00  
        1  5.000000000000027e-02  3.868448784719788e-01 
        0  0.000000000000000e+00  
        1  0.000000000000000e+00  
        2 -1.290377531162800e-01  
        3  0.000000000000000e+00  
        4  1.848751869560374e-01  
        5  0.000000000000000e+00  
        6 -2.154521811612368e-01  
        7  0.000000000000000e+00  
        8  2.282851560857015e-01  
        9  0.000000000000000e+00  
       10 -2.264839530537289e-01  
       11  0.000000000000000e+00  
       12  2.122670458684856e-01  
       13  0.000000000000000e+00  
       14 -1.877679440672984e-01  
       15  0.000000000000000e+00  
       16  1.552489485450944e-01  
       17  0.000000000000000e+00  
       18 -1.171199113320696e-01  
       19  0.000000000000000e+00  
       20  7.587631357261373e-02  
       21  0.000000000000000e+00  
       22 -3.400124378938669e-02  
       23  0.000000000000000e+00  
       24 -6.146048688325089e-03  
       25  0.000000000000000e+00  
       26  4.244076266111317e-02  
       27  0.000000000000000e+00  
       28 -7.309212675432714e-02  
       29  0.000000000000000e+00  
       30  9.672437649180649e-02  
       31  0.000000000000000e+00  
       32 -1.124336940362350e-01  
       33  0.000000000000000e+00  
       34  1.198176938371129e-01  
       35  0.000000000000000e+00  
       36 -1.189760094804474e-01  
       37  0.000000000000000e+00  
       38  1.104824438912409e-01  
       39  0.000000000000000e+00  
       40 -9.533092148190792e-02  
       41  0.000000000000000e+00  
       42  7.485904773365423e-02  
       43  0.000000000000000e+00  
       44 -5.065436258617761e-02  
       45  0.000000000000000e+00  
       46  2.444930527580232e-02  
       47  0.000000000000000e+00  
       48  1.988554424721489e-03  
       49  0.000000000000000e+00  
       50 -2.696434146601482e-02  
       51  0.000000000000000e+00  
       52  4.895536964940411e-02  
       53  0.000000000000000e+00  
       54 -6.669658999337626e-02  
       55  0.000000000000000e+00  
       56  7.924728460996580e-02  
       57  0.000000000000000e+00  
       58 -8.603556637009203e-02  
       59  0.000000000000000e+00  
       60  8.687869242654223e-02  
       61  0.000000000000000e+00  
       62 -8.197873282087385e-02  
       63  0.000000000000000e+00  
       64  7.189465736209526e-02  
       65  0.000000000000000e+00  
       66 -5.749332104578644e-02  
       67  0.000000000000000e+00  
       68  3.988305541675435e-02  
       69  0.000000000000000e+00  
       70 -2.033453911471285e-02  
       71  0.000000000000000e+00  
       72  1.942718843366428e-04  
       73  0.000000000000000e+00  
       74  1.920372011726409e-02  
       75  0.000000000000000e+00  
       76 -3.662237412782410e-02  
       77  0.000000000000000e+00  
       78  5.099710191762363e-02  
       79  0.000000000000000e+00  
       80 -6.149786030811854e-02  
       81  0.000000000000000e+00  
       82  6.757429073752147e-02  
       83  0.000000000000000e+00  
       84 -6.898160164622109e-02  
       85  0.000000000000000e+00  
       86  6.578614627724924e-02  
       87  0.000000000000000e+00  
       88 -5.835095887775898e-02  
       89  0.000000000000000e+00  
       90  4.730277107399856e-02  
       91  0.000000000000000e+00  
       92 -3.348315941048289e-02  
       93  0.000000000000000e+00  
       94  1.788740673351836e-02  
       95  0.000000000000000e+00  
       96 -1.595340365268977e-03  
       97  0.000000000000000e+00  
       98 -1.430119788413601e-02  
       99  0.000000000000000e+00  
      100  2.876950853268345e-02  
      101  0.000000000000000e+00  
      102 -4.090129413656352e-02  
      103  0.000000000000000e+00  
      104  4.996799771544774e-02  
      105  0.000000000000000e+00  
      106 -5.546293907745162e-02  
      107  0.000000000000000e+00  
      108  5.712790188376794e-02  
      109  0.000000000000000e+00  
      110 -5.496288407067088e-02  
      111  0.000000000000000e+00  
      112  4.921883944628522e-02  
      113  0.000000000000000e+00  
      114 -4.037433631729443e-02  
      115  0.000000000000000e+00  
      116  2.909807007610749e-02  
      117  0.000000000000000e+00  
      118 -1.620002816458380e-02  
      119  0.000000000000000e+00  
      120  2.574766110589317e-03  
      121  0.000000000000000e+00  
      122  1.085932514175777e-02  
      123  0.000000000000000e+00  
      124 -2.322071901283250e-02  
      125  0.000000000000000e+00  
      126  3.372148158552569e-02  
      127  0.000000000000000e+00  
      128 -4.171644436882756e-02  
      129  0.000000000000000e+00  
      130  4.674181485744987e-02  
      131  0.000000000000000e+00  
      132 -4.854097606389981e-02  
      133  0.000000000000000e+00  
      134  4.707611147542643e-02  
      135  0.000000000000000e+00  
      136 -4.252524454277184e-02  
      137  0.000000000000000e+00  
      138  3.526523878478275e-02  
      139  0.000000000000000e+00  
      140 -2.584220395505465e-02  
      141  0.000000000000000e+00  
      142  1.493153860918929e-02  
      143  0.000000000000000e+00  
      144 -3.290461617281188e-03  
      145  0.000000000000000e+00  
      146 -8.293691967503888e-03  
      147  0.000000000000000e+00  
      148  1.905593471729093e-02  
      149  0.000000000000000e+00  
      150 -2.830340419509303e-02  
      151  0.000000000000000e+00  
      152  3.545926101471449e-02  
      153  0.000000000000000e+00  
      154 -4.009797008543527e-02  
      155  0.000000000000000e+00  
      156  4.196985102714815e-02  
      157  0.000000000000000e+00  
      158 -4.101353124163964e-02  
      159  0.000000000000000e+00  
      160  3.735575537976945e-02  
      161  0.000000000000000e+00  
      162 -3.129884305441973e-02  
      163  0.000000000000000e+00  
      164  2.329688770308559e-02  
      165  0.000000000000000e+00  
      166 -1.392250213684379e-02  
      167  0.000000000000000e+00  
      168  3.826495966884180e-03  
      169  0.000000000000000e+00  
      170  6.306718218961315e-03  
      171  0.000000000000000e+00  
      172 -1.580497270121564e-02  
      173  0.000000000000000e+00  
      174  2.405241066105769e-02  
      175  0.000000000000000e+00  
      176 -3.052891478838254e-02  
      177  0.000000000000000e+00  
      178  3.484240609100490e-02  
      179  0.000000000000000e+00  
      180 -3.675203935832919e-02  
      181  0.000000000000000e+00  
      182  3.618095913216190e-02  
      183  0.000000000000000e+00  
      184 -3.321799198989820e-02  
      185  0.000000000000000e+00  
      186  2.810838943726626e-02  
      187  0.000000000000000e+00  
      188 -2.123445193532628e-02  
      189  0.000000000000000e+00  
      190  1.308751215165080e-02  
      191  0.000000000000000e+00  
      192 -4.233293415537853e-03  
      193  0.000000000000000e+00  
      194 -4.726945484473653e-03  
      195  0.000000000000000e+00  
      196  1.319683868966742e-02  
      197  0.000000000000000e+00  
      198 -2.062422268167806e-02  
      199  0.000000000000000e+00  
      200  0.000000000000000e+00  
        2 -7.236897569439573e-01  9.086329158105578e-01 
        0  0.000000000000000e+00  
        1  0.000000000000000e+00  
        2 -9.957766784708210e-03  
        3 -2.543674798472230e-02  
        4 -4.073220379044099e-02  
        5 -5.046526183030027e-02  
        6 -5.094034823345503e-02  
        7 -4.097948252369612e-02  
        8 -2.209429212721558e-02  
        9  1.983137373551591e-03  
       10  2.625148331875396e-02  
       11  4.562487913574721e-02  
       12  5.607453102749988e-02  
       13  5.548335279194341e-02  
       14  4.404988094100715e-02  
       15  2.418431459872013e-02  
       16 -5.152712880075394e-05  
       17 -2.381918525865706e-02  
       18 -4.249844400627507e-02  
       19 -5.259605911336612e-02  
       20 -5.239255728105099e-02  
       21 -4.221362943852262e-02  
       22 -2.429244410654676e-02  
       23 -2.270000067757691e-03  
       24  1.955287668868309e-02  
       25  3.705750167784668e-02  
       26  4.707956065540359e-02  
       27  4.796963036320593e-02  
       28  3.984679237084127e-02  
       29  2.451182536013620e-02  
       30  5.050947327282015e-03  
       31 -1.478346569330470e-02  
       32 -3.129182828087409e-02  
       33 -4.150984843764328e-02  
       34 -4.373093644209466e-02  
       35 -3.777909611404474e-02  
       36 -2.499173287488498e-02  
       37 -7.925943068371690e-03  
       38  1.014861147050409e-02  
       39  2.587081884632328e-02  
       40  3.640664387725199e-02  
       41  3.995284311822733e-02  
       42  3.603797712494877e-02  
       43  2.557213572117025e-02  
       44  1.064359384993708e-02  
       45 -5.893656993262642e-03  
       46 -2.096102746605734e-02  
       47 -3.182355689737692e-02  
       48 -3.658144799069837e-02  
       49 -3.449758260304074e-02  
       50 -2.610547995585022e-02  
       51 -1.308319835557296e-02  
       52  2.078607272349316e-03  
       53  1.654959067067082e-02  
       54  2.768454329497877e-02  
       55  3.350355484163994e-02  
       56  3.304099342369099e-02  
       57  2.650234418896022e-02  
       58  1.520405496212292e-02  
       59  1.311478491065292e-03  
       60 -1.257352931533668e-02  
       61 -2.389734729920919e-02  
       62 -3.062185487740986e-02  
       63 -3.158916199717100e-02  
       64 -2.671889399921393e-02  
       65 -1.700477202192644e-02  
       66 -4.314431437196483e-03  
       67  8.967688178270245e-03  
       68  2.038648960548034e-02  
       69  2.786828245206579e-02  
       70  3.009583979543908e-02  
       71  2.673887236789237e-02  
       72  1.849983108546157e-02  
       73  6.969371247646429e-03  
       74 -5.679221455276297e-03  
       75 -1.709823691003573e-02  
       76 -2.519997374184119e-02  
       77 -2.853724842107251e-02  
       78 -2.656082919897042e-02  
       79 -1.970817844895966e-02  
       80 -9.309476981424751e-03  
       81  2.669348521348475e-03  
       82  1.399718676785947e-02  
       83  2.259225236069968e-02  
       84  2.690372410903261e-02  
       85  2.619071204010607e-02  
       86  2.064851477502606e-02  
       87  1.136084188200692e-02  
       88  8.895665577718941e-05  
       89 -1.106143163847702e-02  
       90 -2.003269275321098e-02  
       91 -2.519420142073671e-02  
       92 -2.563801985046667e-02  
       93 -2.133784082016716e-02  
       94 -1.314350247859448e-02  
       95 -2.613992918792569e-03  
       96  8.278417216238385e-03  
       97  1.751690223022600e-02  
       98  2.341286169875550e-02  
       99  2.491396763280667e-02  
      100  2.179138573163047e-02  
      101  1.467296750990514e-02  
      102  4.917969784984125e-03  
      103 -5.641872906583387e-03  
      104 -1.504571674328204e-02  
      105 -2.156716023290894e-02  
      106 -2.403067511230689e-02  
      107 -2.202300832966579e-02  
      108 -1.596162433221745e-02  
      109 -7.009024927626325e-03  
      110  3.149661561326067e-03  
      111  1.262337248554688e-02  
      112  1.966666015590100e-02  
      113  2.300083231198143e-02  
      114  2.204567717279303e-02  
      115  1.701985370765503e-02  
      116  8.892685349550311e-03  
      117 -8.022991930389656e-04  
      118 -1.025630318414038e-02  
      119 -1.772231782573537e-02  
      120 -2.183756506725092e-02  
      121 -2.187188444068039e-02  
      122 -1.785685603232663e-02  
      123 -1.057290341703209e-02  
      124 -1.398068317643499e-03  
      125  7.952326837990747e-03  
      126  1.574601619567289e-02  
      127  2.055437104142667e-02  
      128  2.151395771164006e-02  
      129  1.848124285075007e-02  
      130  1.205278836632384e-02  
      131  3.448384247063372e-03  
      132 -5.720074267149575e-03  
      133 -1.375023497719370e-02  
      134 -1.916507098084064e-02  
      135 -2.098427530790136e-02  
      136 -1.890145159342087e-02  
      137 -1.333512476716950e-02  
      138 -5.345197332082938e-03  
      139  3.568570536867625e-03  
      140  1.174779845272708e-02  
      141  1.768375465195000e-02  
      142  2.029540286915001e-02  
      143  1.912603113116903e-02  
      144  1.442274199197950e-02  
      145  7.085040630317021e-03  
      146 -1.506916360826618e-03  
      147 -9.751669827067908e-03  
      148 -1.612471592421877e-02  
      149 -1.946016929506677e-02  
      150 -1.916383346864935e-02  
      151 -1.531877798796899e-02  
      152 -8.664714488724959e-03  
      153 -4.559621141179626e-04  
      154  7.774775700235097e-03  
      155  1.450237731649561e-02  
      156  1.849169712185119e-02  
      157  1.902413667964735e-02  
      158  1.602686632350765e-02  
      159  1.008150023134047e-02  
      160  2.311514346787544e-03  
      161 -5.829851861848101e-03  
      162 -1.283120620909691e-02  
      163 -1.740339888895951e-02  
      164 -1.871671668109698e-02  
      165 -1.655126600685013e-02  
      166 -1.133332190498576e-02  
      167 -4.051729248905533e-03  
      168  3.929305575071478e-03  
      169  1.112562524553046e-02  
      170  1.620894811536295e-02  
      171  1.825188023804013e-02  
      172  1.689694742215198e-02  
      173  1.241886766293608e-02  
      174  5.669269558214742e-03  
      175 -2.085091628477550e-03  
      176 -9.399919244684309e-03  
      177 -1.492223130758372e-02  
      178 -1.764046807396197e-02  
      179 -1.706964374003216e-02  
      180 -1.333767874902469e-02  
      181 -7.157581873950132e-03  
      182  3.086005951283571e-04  
      183  7.668140624514213e-03  
      184  1.355728585650206e-02  
      185  1.689383460026250e-02  
      186  1.707587455590048e-02  
      187  1.409021173233810e-02  
      188  8.510985887105527e-03  
      189  1.389441597588092e-03  
      190 -5.944015039627069e-03  
      191 -1.212822758425892e-02  
      192 -1.602380918719738e-02  
      193 -1.692294678547203e-02  
      194 -1.467787813510472e-02  
      195 -9.724745315078404e-03  
      196 -2.999063291185904e-03  
      197  4.240848689503501e-03  
      198  1.064917093457289e-02  
      199  1.504264281259726e-02  
      200  0.000000000000000e+00  
        3  8.236897569439579e-01  9.086329158105578e-01 
        0  0.000000000000000e+00  
        1  0.000000000000000e+00  
        2 -9.957766784708210e-03  
        3  2.543674798472230e-02  
        4 -4.073220379044099e-02  
        5  5.046526183030027e-02  
        6 -5.094034823345503e-02  
        7  4.097948252369612e-02  
        8 -2.209429212721558e-02  
        9 -1.983137373551591e-03  
       10  2.625148331875396e-02  
       11 -4.562487913574721e-02  
       12  5.607453102749988e-02  
       13 -5.548335279194341e-02  
       14  4.404988094100715e-02  
       15 -2.418431459872013e-02  
       16 -5.152712880075394e-05  
       17  2.381918525865706e-02  
       18 -4.249844400627507e-02  
       19  5.259605911336612e-02  
       20 -5.239255728105099e-02  
       21  4.221362943852262e-02  
       22 -2.429244410654676e-02  
       23  2.270000067757691e-03  
       24  1.955287668868309e-02  
       25 -3.705750167784668e-02  
       26  4.707956065540359e-02  
       27 -4.796963036320593e-02  
       28  3.984679237084127e-02  
       29 -2.451182536013620e-02  
       30  5.050947327282015e-03  
       31  1.478346569330470e-02  
       32 -3.129182828087409e-02  
       33  4.150984843764328e-02  
       34 -4.373093644209466e-02  
       35  3.777909611404474e-02  
       36 -2.499173287488498e-02  
       37  7.925943068371690e-03  
       38  1.014861147050409e-02  
       39 -2.587081884632328e-02  
       40  3.640664387725199e-02  
       41 -3.995284311822733e-02  
       42  3.603797712494877e-02  
       43 -2.557213572117025e-02  
       44  1.064359384993708e-02  
       45  5.893656993262642e-03  
       46 -2.096102746605734e-02  
       47  3.182355689737692e-02  
       48 -3.658144799069837e-02  
       49  3.449758260304074e-02  
       50 -2.610547995585022e-02  
       51  1.308319835557296e-02  
       52  2.078607272349316e-03  
       53 -1.654959067067082e-02  
       54  2.768454329497877e-02  
       55 -3.350355484163994e-02  
       56  3.304099342369099e-02  
       57 -2.650234418896022e-02  
       58  1.520405496212292e-02  
       59 -1.311478491065292e-03  
       60 -1.257352931533668e-02  
       61  2.389734729920919e-02  
       62 -3.062185487740986e-02  
       63  3.158916199717100e-02  
       64 -2.671889399921393e-02  
       65  1.700477202192644e-02  
       66 -4.314431437196483e-03  
       67 -8.967688178270245e-03  
       68  2.038648960548034e-02  
       69 -2.786828245206579e-02  
       70  3.009583979543908e-02  
       71 -2.673887236789237e-02  
       72  1.849983108546157e-02  
       73 -6.969371247646429e-03  
       74 -5.679221455276297e-03  
       75  1.709823691003573e-02  
       76 -2.519997374184119e-02  
       77  2.853724842107251e-02  
       78 -2.656082919897042e-02  
       79  1.970817844895966e-02  
       80 -9.309476981424751e-03  
       81 -2.669348521348475e-03  
       82  1.399718676785947e-02  
       83 -2.259225236069968e-02  
       84  2.690372410903261e-02  
       85 -2.619071204010607e-02  
       86  2.064851477502606e-02  
       87 -1.136084188200692e-02  
       88  8.895665577718941e-05  
       89  1.106143163847702e-02  
       90 -2.003269275321098e-02  
       91  2.519420142073671e-02  
       92 -2.563801985046667e-02  
       93  2.133784082016716e-02  
       94 -1.314350247859448e-02  
       95  2.613992918792569e-03  
       96  8.278417216238385e-03  
       97 -1.751690223022600e-02  
       98  2.341286169875550e-02  
       99 -2.491396763280667e-02  
      100  2.179138573163047e-02  
      101 -1.467296750990514e-02  
      102  4.917969784984125e-03  
      103  5.641872906583387e-03  
      104 -1.504571674328204e-02  
      105  2.156716023290894e-02  
      106 -2.403067511230689e-02  
      107  2.202300832966579e-02  
      108 -1.596162433221745e-02  
      109  7.009024927626325e-03  
      110  3.149661561326067e-03  
      111 -1.262337248554688e-02  
      112  1.966666015590100e-02  
      113 -2.300083231198143e-02  
      114  2.204567717279303e-02  
      115 -1.701985370765503e-02  
      116  8.892685349550311e-03  
      117  8.022991930389656e-04  
      118 -1.025630318414038e-02  
      119  1.772231782573537e-02  
      120 -2.183756506725092e-02  
      121  2.187188444068039e-02  
      122 -1.785685603232663e-02  
      123  1.057290341703209e-02  
      124 -1.398068317643499e-03  
      125 -7.952326837990747e-03  
      126  1.574601619567289e-02  
      127 -2.055437104142667e-02  
      128  2.151395771164006e-02  
      129 -1.848124285075007e-02  
      130  1.205278836632384e-02  
      131 -3.448384247063372e-03  
      132 -5.720074267149575e-03  
      133  1.375023497719370e-02  
      134 -1.916507098084064e-02  
      135  2.098427530790136e-02  
      136 -1.890145159342087e-02  
      137  1.333512476716950e-02  
      138 -5.345197332082938e-03  
      139 -3.568570536867625e-03  
      140  1.174779845272708e-02  
      141 -1.768375465195000e-02  
      142  2.029540286915001e-02  
      143 -1.912603113116903e-02  
      144  1.442274199197950e-02  
      145 -7.085040630317021e-03  
      146 -1.506916360826618e-03  
      147  9.751669827067908e-03  
      148 -1.612471592421877e-02  
      149  1.946016929506677e-02  
      150 -1.916383346864935e-02  
      151  1.531877798796899e-02  
      152 -8.664714488724959e-03  
      153  4.559621141179626e-04  
      154  7.774775700235097e-03  
      155 -1.450237731649561e-02  
      156  1.849169712185119e-02  
      157 -1.902413667964735e-02  
      158  1.602686632350765e-02  
      159 -1.008150023134047e-02  
      160  2.311514346787544e-03  
      161  5.829851861848101e-03  
      162 -1.283120620909691e-02  
      163  1.740339888895951e-02  
      164 -1.871671668109698e-02  
      165  1.655126600685013e-02  
      166 -1.133332190498576e-02  
      167  4.051729248905533e-03  
      168  3.929305575071478e-03  
      169 -1.112562524553046e-02  
      170  1.620894811536295e-02  
      171 -1.825188023804013e-02  
      172  1.689694742215198e-02  
      173 -1.241886766293608e-02  
      174  5.669269558214742e-03  
      175  2.085091628477550e-03  
      176 -9.399919244684309e-03  
      177  1.492223130758372e-02  
      178 -1.764046807396197e-02  
      179  1.706964374003216e-02  
      180 -1.333767874902469e-02  
      181  7.157581873950132e-03  
      182  3.086005951283571e-04  
      183 -7.668140624514213e-03  
      184  1.355728585650206e-02  
      185 -1.689383460026250e-02  
      186  1.707587455590048e-02  
      187 -1.409021173233810e-02  
      188  8.510985887105527e-03  
      189 -1.389441597588092e-03  
      190 -5.944015039627069e-03  
      191  1.212822758425892e-02  
      192 -1.602380918719738e-02  
      193  1.692294678547203e-02  
      194 -1.467787813510472e-02  
      195  9.724745315078404e-03  
      196 -2.999063291185904e-03  
      197 -4.240848689503501e-03  
      198  1.064917093457289e-02  
      199 -1.504264281259726e-02  
      200  0.000000000000000e+00  
